RECURSO,UNIDADES_EN_000_antes,REGISTOS_antes,UNIDADES_EN_000_despues,REGISTROS_despues
 A F,0.005,4,0.005,4.0
 CRT,0.057,10,0.057,10.0
 LC ,0.952,10,0.952,10.0
 MAN,0.196,10,0.196,10.0
 MGL,0.11199999999999999,10,0.11199999999999999,10.0
 MNT,0.004,6,0.004,6.0
 MOD,0.231,10,0.231,10.0
 MRN,0.017,8,0.017,8.0
 PST,6.972,10,6.972,10.0
 RNL,0.098,28,0.098,28.0
 SLS,10.121,40,10.121,40.0
 SPR,0.8240000000000001,10,0.8240000000000001,10.0
 VT ,11.943,20,11.943,20.0
0,14.525,344,14.722999999999999,392.0
1,142.618,234,142.618,234.0
10,0.035,2,0.035,2.0
100,626524.471,71662,631752.168,71818.0
1000,11.57,390,11.57,401.0
1001,4176.709,2896,4176.709,2896.0
1002,66.13,944,66.13,944.0
1003,0.074,44,0.074,44.0
1004,0.532,182,0.532,182.0
1006,1732.008,2196,1732.008,2196.0
1007,0.023,6,0.023,6.0
1008,296.587,1418,296.587,1418.0
1009,3067.986,5616,3090.004,5620.0
101,544147.264,36162,601758.094,36379.0
1013,15.978,920,15.978,920.0
1017,38.917,1496,40.121,1510.0
1018,95.614,242,95.614,242.0
102,71301.2,18410,71301.2,18410.0
1020,26.323,492,26.323,492.0
1021,0.285,4,0.285,4.0
1022,50.886,1714,50.886,1714.0
1023,325.59499999999997,482,325.59499999999997,482.0
1024,79170.897,840,79170.897,840.0
1025,79.885,236,79.885,236.0
1026,14.697,350,14.697,350.0
103,12909.047,5792,12910.268,5966.0
1031,832.165,1490,890.789,1512.0
1033,65.613,752,65.613,752.0
1034,11603.587,7418,11603.587,7418.0
104,546561.16,9492,546561.16,9492.0
1041,0.002,86,0.002,90.0
1042,0.568,94,0.568,94.0
1046,0.557,104,0.557,104.0
1048,0.027,2,0.027,2.0
105,75318.77,14252,75536.922,14276.0
1050,25.673000000000002,946,25.673000000000002,946.0
1055,0.0,34,0.0,34.0
1056,0.414,86,0.414,86.0
1057,0.007,184,0.007,184.0
106,25085.472,5232,25085.543,5268.0
1062,0.209,130,0.209,130.0
1063,0.001,2,0.001,2.0
1066,3573.15,3030,3573.15,3030.0
1069,0.795,324,0.795,324.0
107,283500.641,26806,283520.996,26859.0
1070,0.015,2,0.015,2.0
1071,0.0,6,0.0,6.0
1072,0.001,2,0.001,2.0
1074,0.0,4,0.0,4.0
1079,9.005,188,9.005,188.0
108,8968.177,9742,8968.177,9742.0
1081,0.001,196,0.001,196.0
1085,2.386,200,2.386,200.0
109,18744.637,9214,18744.637,9214.0
1093,0.785,448,0.785,448.0
1095,15.938,1550,15.938,1550.0
1097,33.934,1922,33.934,1922.0
11,40.643,186,40.643,186.0
110,30715.323,10136,30715.323,10136.0
1100,78.371,52,78.371,52.0
1102,8.194,1790,8.194,1790.0
111,6808.759,4302,6808.759,4302.0
1110,3.466,1184,3.466,1184.0
1115,122.778,1488,122.778,1488.0
1119,209.946,1350,209.95,1366.0
112,800.63,2304,800.63,2304.0
1120,174.819,194,174.819,194.0
1121,0.001,26,0.001,26.0
1122,0.002,244,0.002,244.0
1124,0.099,186,0.099,186.0
1125,0.0,94,0.0,94.0
113,2297.549,1046,2297.549,1046.0
1132,355.151,1864,355.151,1864.0
1136,0.502,246,0.502,246.0
1138,12.257,824,12.35,836.0
114,390.276,1418,390.276,1418.0
115,3.335,276,3.335,276.0
1153,4.453,714,4.453,714.0
1155,66.511,174,66.511,174.0
1156,0.601,2,0.601,2.0
116,0.025,4,0.025,4.0
1163,2.065,818,2.065,818.0
117,87.122,2298,87.122,2298.0
1178,4.6,180,4.6,180.0
118,91.48,292,91.48,292.0
1184,5500.183,3074,5500.183,3074.0
1191,0.0,42,0.0,42.0
1196,0.0,174,0.0,174.0
12,0.331,10,0.331,10.0
120,31724.521,8894,31724.521,8894.0
121,4280.645,3528,4280.645,3528.0
1210,0.133,494,0.133,494.0
1215,4.378,188,4.378,188.0
1217,21.446,1684,21.446,1684.0
122,50.635999999999996,76,50.635999999999996,76.0
1220,4.62,280,4.62,280.0
1225,21.844,174,21.844,174.0
123,0.0,30,0.0,30.0
1234,8.213,410,8.213,410.0
1237,1.489,298,1.489,298.0
124,0.679,50,0.679,50.0
1242,3.326,574,3.326,574.0
1246,0.0,136,0.0,136.0
1247,136.27,188,136.27,188.0
125,1355.111,2846,1355.111,2846.0
1256,33.595,190,33.595,190.0
126,0.269,194,0.269,194.0
1260,0.001,2,0.001,2.0
1263,17.071,1308,17.071,1308.0
1265,0.267,102,0.267,102.0
127,7.773,476,7.773,476.0
1273,31.742,566,31.742,566.0
1279,0.203,150,0.203,150.0
128,0.001,4,0.001,4.0
1286,26.377,1494,26.377,1494.0
129,36.492,310,36.492,310.0
1290,11.488,276,11.488,276.0
1292,0.012,92,0.012,92.0
1299,0.002,96,0.002,96.0
13,0.16999999999999998,100,0.16999999999999998,100.0
1300,11376.816,2904,11376.816,2904.0
1303,0.0,156,0.0,156.0
1306,10.205,288,10.205,288.0
131,70.352,548,70.352,548.0
1313,0.0,4,0.0,4.0
1314,0.006,4,0.006,4.0
1317,0.0,2,0.0,2.0
132,331.978,494,331.978,494.0
1323,1.834,686,1.834,686.0
133,11.418,190,11.418,190.0
1330,161.6,1314,161.6,1314.0
1339,0.026000000000000002,2,0.026000000000000002,2.0
134,78.07,196,78.07,196.0
1340,2.489,278,2.489,278.0
1341,7.974,368,7.974,368.0
1344,0.0,92,0.0,92.0
135,14.558,180,14.558,180.0
1352,385.1,96,385.1,96.0
1353,1.111,238,1.111,238.0
1355,72.076,1150,72.076,1150.0
1356,2.122,728,2.122,728.0
136,17014.183,2830,17567.72,2843.0
1360,0.0,72,0.0,72.0
1362,0.001,88,0.001,88.0
1364,22.359,660,22.359,660.0
1366,2.245,108,2.245,108.0
137,37.781,130,37.781,130.0
1370,2637.566,5756,2637.566,5756.0
1381,0.191,122,0.191,122.0
1388,144.339,672,144.339,672.0
139,460.117,4948,460.117,4948.0
1393,0.509,82,0.509,82.0
1394,50.725,588,50.725,588.0
1396,25129.043,456,25129.043,456.0
14,0.0,36,0.0,36.0
140,39402.315,904,39402.315,904.0
1407,0.0,2,0.0,2.0
141,2402.724,2084,4045.585,2316.0
1410,0.0,188,0.0,188.0
1414,0.331,114,0.331,114.0
142,1213.557,2496,1213.557,2496.0
1420,0.0,4,0.0,4.0
1427,1349.368,2796,1349.368,2796.0
143,1959.579,1524,1959.579,1524.0
1431,0.326,132,0.326,132.0
1434,0.0,28,0.0,28.0
1437,0.082,98,0.082,98.0
144,103.191,1508,103.191,1508.0
145,0.563,378,0.563,378.0
1450,0.0,2,0.0,2.0
1455,28.234,1110,28.234,1110.0
1457,0.0,38,0.0,38.0
1459,0.293,10,0.293,10.0
146,176.90800000000002,2022,176.90800000000002,2022.0
1460,2.177,794,2.177,794.0
147,0.73,100,0.73,100.0
1470,823.154,2092,823.154,2092.0
148,0.0,68,0.0,68.0
1494,0.77,408,0.77,408.0
1495,0.017,4,0.017,4.0
1497,0.001,288,0.001,288.0
15,0.139,8,0.139,8.0
150,15.257,840,15.257,840.0
1501,0.049,6,0.049,6.0
1507,2.502,170,2.502,170.0
151,1251.708,1478,1251.72,1496.0
152,173.45,190,173.45,190.0
1520,0.168,20,0.168,20.0
1521,1.216,6,1.216,6.0
1522,7.009,608,7.009,608.0
1524,0.571,10,0.571,10.0
1528,0.001,2,0.001,2.0
1529,0.846,76,0.846,76.0
153,3.146,106,3.146,106.0
1535,0.066,14,0.066,14.0
1536,7.33,1448,7.371,1490.0
154,2866.6,350,2866.6,350.0
1540,0.004,326,0.004,326.0
1542,0.0,2,0.0,2.0
1548,0.003,356,0.003,356.0
155,0.001,2,0.001,2.0
1555,2187.191,3100,2187.191,3100.0
1558,1048.082,1248,1048.082,1248.0
157,0.0,360,0.0,360.0
1570,0.032,22,0.032,22.0
1571,0.55,48,0.55,48.0
158,1549.905,682,1549.905,682.0
16,42.712,6986,42.712,6989.0
1600,16322.1,5072,16322.1,5072.0
1603,132.745,2916,132.745,2916.0
1612,0.005,110,0.005,110.0
1619,0.001,2,0.001,2.0
162,331.5,96,331.5,96.0
1624,43.81,8,43.81,8.0
163,3.59,40,3.59,40.0
164,1194.454,1212,1194.454,1237.0
1640,0.043,26,0.043,26.0
165,100.557,328,100.557,328.0
166,395.571,2654,395.571,2684.0
1662,28.879,138,28.879,138.0
167,44.2,382,44.2,382.0
1670,0.0,62,0.0,62.0
168,495.017,7566,495.017,7566.0
169,923.945,3874,923.945,3874.0
16E+,0.249,4,0.249,4.0
17,0.0,10,0.0,10.0
1707,0.0,6,0.0,6.0
171,16.414,194,16.414,194.0
1710,0.015,46,0.015,46.0
172,14.841,216,14.841,216.0
1723,1.029,274,1.029,274.0
173,18.383,126,18.383,126.0
1733,2.109,188,2.109,188.0
1746,34.929,1290,34.929,1290.0
175,0.0,70,0.0,70.0
176,34779.9,2108,34779.9,2108.0
1760,0.0,60,0.0,60.0
1772,0.066,16,0.066,16.0
1773,0.008,16,0.008,16.0
1774,0.054,30,0.054,30.0
178,0.024,108,0.024,108.0
1785,0.0,22,0.0,22.0
1800,9.600000000000001,568,9.600000000000001,568.0
181,410.756,1208,410.756,1208.0
1811,25.046,242,25.046,242.0
1818,0.267,42,0.267,42.0
1819,0.83,198,0.83,198.0
1820,0.404,112,0.404,112.0
1821,0.315,102,0.315,102.0
184,154.356,1638,154.356,1638.0
1841,0.651,84,0.651,84.0
1843,0.198,6,0.198,6.0
1846,0.317,502,0.317,502.0
1858,0.687,400,0.687,400.0
186,1994.063,2950,2013.082,3090.0
1862,55.5,576,55.5,576.0
1867,5.2860000000000005,220,5.2860000000000005,220.0
187,0.0,24,0.0,24.0
1871,0.0,48,0.0,48.0
1878,0.048,76,0.048,76.0
1887,0.006,376,0.006,376.0
1892,0.076,70,0.076,70.0
19,0.012,4,0.012,4.0
190,110.856,1034,110.856,1034.0
1902,2.724,162,2.724,162.0
191,1.295,378,1.295,378.0
1915,1.432,812,1.432,812.0
1918,0.2,100,0.2,100.0
1921,0.0,18,0.0,18.0
1931,2.652,108,2.652,108.0
1943,7.1259999999999994,14,7.1259999999999994,14.0
1945,0.0,8,0.0,8.0
195,2052.065,942,2052.065,942.0
1952,0.313,86,0.313,86.0
1953,0.004,2,0.004,2.0
1958,0.0,70,0.0,70.0
1959,0.0,2,0.0,2.0
1960,0.002,4,0.002,4.0
1962,0.005,10,0.005,10.0
1966,0.0,18,0.0,18.0
1985,0.0,2,0.0,2.0
1986,0.0,2,0.0,2.0
199,0.0,88,0.0,88.0
2,63.638,180,63.638,180.0
200,265.901,3062,265.901,3062.0
2000,99.282,130,99.282,130.0
2002,31.211,36,31.211,36.0
2003,17.83,1072,17.83,1072.0
2004,3.277,38,3.277,38.0
201,30.025,960,30.025,960.0
2013,0.163,94,0.163,94.0
2025,0.40800000000000003,4,0.40800000000000003,4.0
2031,2.091,604,2.091,604.0
2045,0.062,1222,0.062,1226.0
2056,0.043000000000000003,368,0.043000000000000003,369.0
2065,0.497,8,0.497,8.0
2066,0.212,320,0.212,320.0
2070,0.0,2,0.0,2.0
208,7.6899999999999995,20,7.6899999999999995,20.0
2089,230.5,278,230.5,278.0
2091,6.477,106,6.477,106.0
21,2.906,748,2.906,748.0
2100,48.716,1456,48.716,1456.0
2113,3.894,154,3.894,154.0
2118,2.374,186,2.374,186.0
2120,2.341,372,2.341,372.0
2124,0.004,2,0.004,2.0
2127,72.4,96,72.4,96.0
2135,0.104,188,0.104,188.0
213E,0.002,2,0.002,2.0
2140,0.91,452,0.91,452.0
215,0.864,16,0.864,16.0
2150,144.09,2638,144.09,2638.0
2155,9.707,540,9.707,540.0
2168,3.726,384,3.726,384.0
2190,8.3,804,8.3,804.0
2199,16.189,1266,16.189,1266.0
220,33.349000000000004,680,33.349000000000004,680.0
2202,79.278,752,79.977,771.0
2203,6.498,1546,6.498,1546.0
221,8740.375,17748,413227.964,17845.0
2216,0.005,6,0.005,6.0
222,33986.333,10354,33986.333,10358.0
2220,2746.268,360,2746.268,360.0
2221,2691.6639999999998,1076,2691.6639999999998,1076.0
2223,3.844,8,3.844,8.0
2225,0.0,348,0.0,348.0
223,78.659,3480,32979.461,3640.0
2233,4.81,218,4.81,218.0
2235,142.907,178,142.907,178.0
224,88.119,3128,88.119,3128.0
2240,0.001,2,0.001,2.0
2244,0.389,70,0.389,70.0
2247,0.051,12,0.051,12.0
2248,1.137,44,1.137,44.0
225,17592.279,13172,17592.279,13172.0
2250,0.882,372,0.882,372.0
2252,0.0,18,0.0,18.0
2253,1.134,186,1.138,190.0
2259,0.018000000000000002,14,0.018000000000000002,14.0
226,2827.01,4682,2827.01,4682.0
2262,0.0,138,0.0,138.0
227,115.362,1242,115.362,1242.0
228,12.783,1034,12.783,1034.0
229,0.0,4,0.0,4.0
2294,0.426,32,0.426,32.0
2299,3.3000000000000003,372,3.3000000000000003,372.0
2300,0.001,20,0.001,20.0
2314,10.342,190,10.342,190.0
2320,187.9,236,187.9,236.0
2322,0.362,10,0.362,10.0
2323,5.562,196,5.562,196.0
2331,0.0,16,0.0,16.0
2347,0.01,6,0.01,6.0
235,8.728,68,8.728,68.0
2356,11.063,12,11.063,12.0
2358,1.1900000000000002,6,1.1900000000000002,6.0
2370,2.204,890,2.204,890.0
239,18.141000000000002,446,18.141000000000002,446.0
2390,0.475,20,0.475,20.0
2392,3.6,192,3.6,192.0
240,0.0,82,0.0,82.0
2400,83.368,856,83.368,864.0
2409,761.848,564,761.848,564.0
2414,0.004,20,0.004,20.0
2416,4.497,122,4.497,122.0
2418,0.393,418,0.393,418.0
2419,166.85399999999998,752,166.85399999999998,752.0
2430,13.8,300,13.8,300.0
2445,1754.203,6104,1754.205,6111.0
2446,7.655,92,7.655,92.0
2449,0.0,230,0.0,230.0
245,1.277,94,1.277,94.0
2452,3.717,490,3.728,498.0
2453,0.004,16,0.004,16.0
2460,3.36,638,3.36,638.0
2468,24.406,1008,24.406,1008.0
2469,0.003,16,0.003,16.0
2476,2.088,4,2.088,4.0
248,12.079,188,12.079,188.0
2480,0.001,78,0.001,78.0
2483,1319.374,516,1319.374,516.0
2484,0.08,26,0.08,26.0
2486,3649.054,266,3649.054,266.0
24E+,0.007,4,0.007,4.0
250,13133.476,996,13133.476,996.0
2500,12.498,1600,12.498,1600.0
2503,0.0,94,0.0,94.0
2514,0.047,190,0.047,190.0
2515,0.002,2,0.002,2.0
2518,0.014,6,0.014,6.0
253,0.005,2,0.005,2.0
2534,0.379,144,0.479,154.0
2538,1.281,778,1.281,778.0
2551,4.657,236,4.657,236.0
2562,2.1,988,2.1,988.0
2569,0.014,94,0.014,94.0
257,0.0,16,0.0,16.0
2580,11.986,1322,11.986,1322.0
2581,53.812,238,53.812,238.0
259,2.4000000000000004,362,2.4000000000000004,362.0
2593,0.727,150,0.727,150.0
25E+,0.007,4,0.007,4.0
2619,283.425,448,283.425,448.0
2624,0.504,180,0.504,180.0
2637,0.001,136,0.001,136.0
2644,0.331,96,0.331,96.0
265,39.9,800,39.9,800.0
2652,0.0,18,0.0,18.0
2670,25.958000000000002,432,25.958000000000002,432.0
2682,0.078,52,0.078,52.0
2684,0.249,322,0.249,322.0
2695,0.002,176,0.002,176.0
2700,1895.366,1380,1895.366,1382.0
2701,0.28300000000000003,152,0.28300000000000003,152.0
2709,0.0,70,0.0,70.0
2733,0.7350000000000001,4,0.7350000000000001,4.0
2735,0.001,2,0.001,2.0
2736,0.033,6,0.033,6.0
2737,0.026,6,0.026,6.0
2739,0.0,62,0.0,62.0
2740,0.726,62,0.726,62.0
2744,0.009,4,0.009,4.0
2748,0.0,58,0.0,58.0
2750,0.092,94,0.092,94.0
2773,0.0,54,0.0,54.0
2800,0.055,26,0.055,26.0
2805,1.1300000000000001,496,1.1300000000000001,496.0
2809,4.233,372,115.116,474.0
2827,0.328,110,0.328,110.0
2838,0.104,14,0.104,14.0
2840,0.207,144,0.207,144.0
2845,40.704,398,912.039,442.0
2870,0.28200000000000003,68,0.28200000000000003,68.0
2872,0.6890000000000001,18,0.6890000000000001,18.0
2878,0.992,18,0.992,18.0
290,0.091,10,0.091,10.0
2905,12.768,2362,12.768,2362.0
292,0.0,2,0.0,2.0
2924,0.055,130,0.055,130.0
2926,0.1,508,0.1,508.0
2958,4.787,340,4.787,340.0
2987,5.853,374,5.853,374.0
3,1.318,86,1.318,86.0
30,16.661,186,16.661,186.0
300,19046.887,31962,19046.934,32018.0
3000,133.639,260,133.639,260.0
3001,48.951,64,48.951,64.0
301,25756.311,55128,25756.415,55146.0
3012,0.005,88,0.005,88.0
3013,339.0,94,339.0,94.0
3014,0.013000000000000001,236,0.013000000000000001,236.0
302,8272.437,40842,9149.691,40903.0
303,169.78300000000002,1156,169.78300000000002,1156.0
3030,0.636,16,0.636,16.0
3050,4.458,66,4.458,66.0
3070,0.0,258,0.0,258.0
3072,0.17200000000000001,1182,0.17200000000000001,1182.0
3100,0.019,186,0.019,186.0
3104,2.15,352,2.15,352.0
3105,0.0,94,0.0,94.0
3108,0.001,6,0.001,6.0
3120,2.65,92,2.65,92.0
3148,486.699,44,486.699,44.0
3149,0.332,10,0.332,10.0
3152,0.0,6,0.0,6.0
3159,8.062,394,8.062,394.0
3172,5.834,684,5.87,688.0
32,2038.874,20000,2057.84,20052.0
3210,21.264,12,21.264,12.0
3223,13.882,378,13.882,378.0
3232,0.016,4,0.016,4.0
3250,0.009000000000000001,32,0.009000000000000001,32.0
3252,0.263,174,0.263,174.0
3254,2.81,734,2.81,734.0
3258,0.0,126,0.0,126.0
326,0.046,212,0.046,212.0
3260,0.10200000000000001,182,0.10200000000000001,182.0
3261,0.035,164,0.035,164.0
3280,0.03,6,0.03,6.0
3281,11.411999999999999,528,11.411999999999999,528.0
3284,0.0,86,0.0,86.0
329,0.001,150,0.001,150.0
3291,456.872,1522,456.872,1522.0
3311,151.22,2292,151.22,2292.0
3313,60.8,18,60.8,18.0
3314,20591.834,2136,20591.834,2136.0
3315,19.187,1676,19.187,1676.0
3316,0.279,510,0.279,510.0
3319,0.0,12,0.0,12.0
3326,0.0,208,0.0,208.0
3328,0.0,212,0.0,212.0
3332,102.831,2490,102.831,2490.0
3333,0.044,2,0.044,2.0
3335,4.472,256,4.472,256.0
3336,19.004,92,19.004,92.0
3340,20.814,372,20.814,372.0
3341,0.08,104,0.08,104.0
3367,0.003,44,0.003,44.0
3371,0.33199999999999996,102,0.33199999999999996,102.0
3373,12.252,526,12.252,526.0
3377,1.296,178,1.296,178.0
3384,417.07,12984,417.07,12984.0
3385,0.0,80,0.0,80.0
3386,153.221,2736,153.221,2736.0
3387,0.301,98,0.301,98.0
3390,123.839,22,123.839,22.0
3391,1.603,6,1.603,6.0
3394,21.344,342,21.344,342.0
3399,0.251,30,0.251,30.0
3402,1.24,330,1.241,332.0
3411,0.0,72,0.0,72.0
3426,5.872,48,5.872,48.0
3438,0.006,204,0.006,204.0
3448,29.284,570,29.284,570.0
3458,3204.874,394,3204.874,394.0
3470,0.004,274,0.004,275.0
3475,5.198,614,5.198,614.0
3480,0.0,2,0.0,2.0
3490,0.001,2,0.001,2.0
35,0.241,16,0.241,16.0
350,0.01,612,0.01,612.0
3504,0.008,98,0.008,98.0
3505,7502.668,260,7502.668,260.0
3514,0.05,92,0.05,92.0
3519,0.07100000000000001,6,0.07100000000000001,6.0
3533,32.335,1980,32.335,1980.0
3534,122.995,878,466.222,928.0
3535,0.207,106,0.207,106.0
3570,0.048,2,0.048,2.0
36,0.295,368,0.295,368.0
3600,1.15,884,1.15,884.0
3601,36.83,3804,36.83,3804.0
3602,7.035,2240,7.056,2244.0
3603,8.986,714,8.986,714.0
3604,13.334,2342,13.334,2342.0
3620,2286.553,3288,2286.553,3288.0
3621,0.0,74,0.0,74.0
3653,18.687,946,18.687,946.0
3654,217.26500000000001,3646,217.26500000000001,3646.0
3655,7.075,708,7.075,708.0
3656,8.423,2924,8.423,2924.0
3673,0.0,8,0.0,8.0
3680,138.201,5178,138.45,5217.0
3681,1861.163,2296,1861.163,2296.0
3682,0.009000000000000001,8,0.009000000000000001,8.0
3684,0.141,48,0.141,48.0
3685,0.001,2,0.001,2.0
3689,0.005,2,0.005,2.0
3692,1.498,380,1.498,380.0
3700,113.531,1736,113.531,1736.0
3701,53.428,2346,53.428,2346.0
3703,0.020999999999999998,14,0.020999999999999998,14.0
3704,0.005,4,0.005,4.0
3710,395.586,518,395.586,518.0
3732,0.365,308,0.365,308.0
3733,53.903,1030,14835.369999999999,1055.0
3734,0.39,30,0.39,30.0
374,2.6310000000000002,700,2.6310000000000002,700.0
3748,0.006,6,0.006,6.0
3760,157.036,118,157.036,118.0
3762,0.113,108,0.113,108.0
3765,0.0,32,0.0,32.0
3770,0.302,16,0.302,16.0
3771,0.307,16,0.307,16.0
3778,3.511,590,3.511,590.0
3779,18.945999999999998,280,18.945999999999998,282.0
380,0.041999999999999996,22,0.041999999999999996,22.0
3800,2473.731,3086,2473.731,3086.0
3801,0.006,2,0.006,2.0
3802,2.121,270,2.121,270.0
3804,0.023,12,0.023,12.0
3809,0.101,16,0.101,16.0
3810,4.0,608,4.0,608.0
3814,0.123,100,0.123,100.0
3827,0.482,86,0.482,86.0
3835,1028.0240000000001,1582,1028.0240000000001,1582.0
385,0.902,830,0.902,830.0
3854,937.11,2140,937.11,2140.0
3856,3.1,142,3.1,142.0
3862,0.0,6,0.0,6.0
3864,3.426,12,3.426,12.0
3876,1.1,156,1.1,156.0
389,0.061000000000000006,12,0.061000000000000006,12.0
39,0.05,24,0.05,24.0
3900,391.057,344,391.057,344.0
391,20.839,330,20.839,330.0
3914,0.926,16,0.926,16.0
3915,0.0,96,0.0,96.0
3924,1027.594,174,1027.594,174.0
3926,0.703,16,0.703,16.0
3929,0.21299999999999997,6,0.21299999999999997,6.0
393,3.964,140,3.964,140.0
394,0.34500000000000003,138,0.34500000000000003,138.0
3940,128.087,416,128.087,416.0
3966,3.115,456,3.115,456.0
397,3.495,538,3.495,538.0
3970,463.249,58,463.249,58.0
3979,0.0,94,0.0,94.0
3990,1543.9,192,1543.9,192.0
3997,545.4,2722,545.4,2803.0
4,262.336,744,262.336,744.0
400,0.3,140,0.3,140.0
4000,25.942,360,25.942,360.0
4017,6.399,368,6.399,368.0
4023,5.39,194,5.39,194.0
4032,11.624,16,11.624,16.0
4052,0.0,4,0.0,4.0
406,0.0,26,0.0,26.0
4069,0.042,78,0.042,78.0
4090,0.504,12,0.504,12.0
4091,0.44799999999999995,16,0.44799999999999995,16.0
4093,1.065,16,1.065,16.0
4095,0.056999999999999995,16,0.056999999999999995,16.0
4099,0.358,16,0.358,16.0
4100,869.163,1662,869.163,1662.0
4101,1.307,2,1.307,2.0
4102,9.623999999999999,12,9.623999999999999,12.0
4103,0.07,12,0.07,12.0
4104,0.373,16,0.373,16.0
4106,0.015,4,0.015,4.0
4107,0.036,4,0.036,4.0
4112,266.453,924,266.453,924.0
4113,9.094,46,9.094,46.0
4115,1.295,4,1.295,4.0
4119,0.127,80,0.127,80.0
4122,53.044,3030,53.044,3030.0
4123,0.959,302,0.959,302.0
4126,0.002,272,0.002,272.0
4128,0.004,2,0.004,2.0
4130,0.462,10,0.462,10.0
4133,6.439,106,6.439,106.0
4134,1.104,16,1.104,16.0
4135,2.28,260,2.28,260.0
4137,32.92,24,32.92,24.0
4138,31.736,3758,32.189,3785.0
4139,432.317,2790,432.317,2790.0
4140,12.817,472,12.817,472.0
4144,931.243,2068,931.243,2068.0
4146,0.595,410,0.595,410.0
4149,0.025,8,0.025,8.0
4150,129.544,1500,129.544,1500.0
4156,26.312,312,26.312,312.0
4163,2.79,236,2.79,236.0
4169,0.001,16,0.001,16.0
4180,0.0,2,0.0,2.0
4182,0.0,12,0.0,12.0
4190,0.0,14,0.0,14.0
4194,0.1,6,0.1,6.0
4195,1.515,8,1.515,8.0
41E+,8.26,42,8.26,42.0
4206,1.208,558,1.208,558.0
4209,0.0,12,0.0,12.0
4212,1.6360000000000001,48,1.6360000000000001,48.0
4213,0.002,2,0.002,2.0
4216,0.0,4,0.0,4.0
4227,0.0,10,0.0,10.0
4241,0.06,142,0.06,142.0
4242,0.036,16,0.036,16.0
4246,0.254,6,0.254,6.0
4256,0.474,128,0.474,128.0
4259,0.049,8,0.049,8.0
4264,0.007,4,0.007,4.0
4274,756.376,704,756.376,704.0
4280,0.01,28,0.01,28.0
4281,1.595,220,23.326,270.0
4283,98.957,180,98.957,180.0
4287,0.009000000000000001,374,0.009000000000000001,374.0
4295,0.081,92,0.081,92.0
4300,0.5,96,0.5,96.0
4301,95.1,472,95.1,472.0
4315,0.705,16,0.705,16.0
4318,3.671,294,3.671,294.0
432,0.0,106,0.0,106.0
4333,0.065,4,0.065,4.0
4342,0.005,296,0.005,296.0
4360,0.906,84,0.906,84.0
4363,0.822,110,0.822,110.0
4365,0.84,452,0.84,452.0
4370,1.841,240,1.841,240.0
4389,2.5789999999999997,474,2.5789999999999997,474.0
4395,0.0,6,0.0,6.0
43E+,0.06,14,0.06,14.0
4408,0.125,36,0.125,36.0
4410,1.151,170,1.151,170.0
4412,241.066,172,241.066,172.0
4420,1371.2,1360,1371.2,1360.0
4422,0.0,34,0.0,34.0
4430,70.271,908,70.271,908.0
4449,0.024,6,0.024,6.0
4452,6.706,222,6.706,222.0
4460,0.03,92,0.03,92.0
4473,0.812,224,0.812,224.0
4477,5013.175,3194,5013.175,3194.0
4483,0.433,12,0.433,12.0
4493,3.428,922,3.428,922.0
44E+,0.416,22,0.416,22.0
45,0.078,136,0.078,136.0
451,0.002,16,0.002,16.0
453,235.72,188,235.72,188.0
4531,4.135,4,4.135,4.0
4532,89.123,1224,89.123,1224.0
4556,0.157,78,0.157,78.0
4560,33.35,80,33.35,80.0
4563,0.001,2,0.001,2.0
4570,0.002,4,0.002,4.0
4571,0.001,16,0.001,16.0
4575,0.017,16,0.017,16.0
4576,0.001,2,0.001,2.0
4579,0.058,32,0.058,32.0
4585,1.042,184,1.042,184.0
46,1455.49,21454,1455.49,21454.0
4602,0.004,2,0.004,2.0
4603,0.012,6,0.012,6.0
462,26.079,344,26.079,344.0
4630,6.086,16,6.086,16.0
4667,0.0,16,0.0,16.0
4684,0.255,134,0.255,134.0
469,571.652,932,571.652,932.0
4690,0.005,168,0.005,168.0
4693,0.0,2,0.0,2.0
4697,0.29,134,0.29,134.0
46E+,0.002,2,0.002,2.0
47,2461.38,742,2461.38,742.0
4733,0.0,2,0.0,2.0
4739,0.125,40,0.125,40.0
4749,2.0,326,2.0,326.0
4754,1.427,52,1.427,52.0
4760,31.068,1246,31.068,1246.0
4764,0.0,130,0.0,130.0
4767,8.892,480,8.892,480.0
4800,66.128,2962,66.128,2962.0
4810,0.0,28,0.0,28.0
4820,0.0,4,0.0,4.0
4823,0.0,6,0.0,6.0
4836,0.001,2,0.001,2.0
486,0.002,144,0.002,144.0
487,0.0,36,0.0,36.0
4893,44.093,596,44.093,596.0
49,0.0,12,0.0,12.0
4901,0.0,22,0.0,22.0
4919,0.0,94,22.926000000000002,172.0
4920,221.558,396,221.558,396.0
4944,0.0,4,0.0,4.0
4949,309.912,218,309.912,218.0
4951,0.0,12,0.0,12.0
4954,0.0,6,0.0,6.0
4956,0.581,446,0.581,446.0
4958,20.004,1232,9239.891,1302.0
4959,10.737,110,10.737,110.0
4960,0.041999999999999996,178,0.041999999999999996,178.0
4973,52.109,96,52.109,96.0
4982,2.7,238,2.7,238.0
5,121.351,530,121.351,530.0
50,0.5,62,0.5,62.0
500,0.585,16,0.585,16.0
5000,12.876,630,12.942,640.0
5001,0.401,44,0.401,44.0
5002,1.3760000000000001,58,1.3760000000000001,58.0
5003,20.326999999999998,168,20.328,169.0
5004,10.993,338,10.993,338.0
5007,1450.742,1388,1450.742,1388.0
5008,79.726,32,79.726,32.0
5009,0.187,22,0.187,22.0
501,6.263,466,6.263,466.0
5010,19032.434,934,20027.164,982.0
5011,59.257999999999996,42,59.257999999999996,42.0
5012,53.507999999999996,28,53.507999999999996,28.0
5013,2.472,10,2.472,10.0
5014,11.272,82,11.272,82.0
5015,5.046,32,5.046,32.0
5016,16.645,78,16.645,78.0
5017,1.308,498,1.308,498.0
5018,23.915,44,23.915,44.0
5019,35.58,16,35.58,16.0
501E,3292.145,178,3292.145,178.0
502,1.887,320,1.887,320.0
5020,1.782,36,1.782,36.0
5022,527.317,490,541.077,520.0
5024,0.009000000000000001,24,0.009000000000000001,24.0
5028,0.0,64,0.0,64.0
5030,389.225,1246,389.225,1246.0
5039,0.706,536,0.706,536.0
503E,22.119,54,22.119,54.0
5047,0.0,42,0.0,42.0
5053,0.027,16,0.027,16.0
5054,22.35,242,22.35,242.0
5060,0.006,2,0.006,2.0
5062,0.052,16,0.052,16.0
5069,0.0,74,0.0,74.0
5070,138.58,1208,138.874,1216.0
5074,0.062,2,0.062,2.0
5076,196.938,594,196.938,594.0
5078,26.674,960,26.674,960.0
5086,28.901,538,8125.16,672.0
5088,0.08,148,0.08,148.0
5097,1.133,220,1.133,220.0
50E+,5873.826,156,5873.826,156.0
5100,1464.54,684,1464.54,684.0
5107,0.023,188,0.023,188.0
511,164.284,636,199.509,652.0
5114,0.002,4,0.002,4.0
512,376.683,1934,376.683,1934.0
5133,0.46199999999999997,46,0.46199999999999997,46.0
5140,0.05,430,0.05,430.0
5148,0.0,68,0.0,68.0
5149,1.033,108,1.033,108.0
5150,3276.435,6896,3382.181,6964.0
5151,0.033,246,0.033,246.0
5174,0.0,28,0.0,28.0
518,0.21,160,0.21,160.0
5181,0.784,44,0.784,44.0
5187,1.245,232,1.245,232.0
5192,0.1,166,0.1,166.0
5195,52.399,698,52.399,698.0
5196,0.0,142,0.0,142.0
5197,0.246,100,0.246,100.0
5209,6.733,650,6.733,650.0
5210,3206.392,3756,3206.392,3756.0
5224,1.179,212,1.179,212.0
5226,0.0,4,0.0,4.0
5228,19.791,1046,19.791,1046.0
5230,0.005,4,0.005,4.0
5231,0.001,2,0.001,2.0
5232,1.31,164,1.31,164.0
5239,0.0,16,0.0,16.0
524,74.066,2248,74.066,2248.0
5250,2.438,258,2.438,258.0
5252,1.292,24,1.292,24.0
5254,1.128,24,1.128,24.0
5255,0.135,12,0.135,12.0
5266,0.037,180,0.037,180.0
5268,0.9,540,0.9,540.0
5283,1.131,230,1.131,230.0
5287,59.387,1216,59.387,1216.0
5294,0.08499999999999999,6,0.08499999999999999,6.0
5295,0.134,110,0.134,110.0
530,0.008,16,0.008,16.0
5313,0.004,16,0.004,16.0
5314,2.926,284,2.926,284.0
5315,0.0,168,0.0,168.0
5324,0.412,94,0.412,94.0
5327,0.053000000000000005,44,0.053000000000000005,44.0
5332,1.0070000000000001,174,1.0070000000000001,174.0
5333,1.3,274,1.3,274.0
5342,29.68,1020,29.68,1020.0
5350,0.0,6,0.0,6.0
536,0.0,428,0.0,428.0
5365,24.604000000000003,528,24.604000000000003,528.0
5367,0.08600000000000001,298,0.08600000000000001,298.0
5369,0.013000000000000001,20,0.013000000000000001,20.0
5380,0.545,308,0.545,308.0
5387,0.0,48,0.0,48.0
5390,1.768,402,1.768,402.0
5403,1058.052,1526,1058.052,1526.0
5410,6.485,446,6.485,446.0
5413,0.17,316,0.17,316.0
5418,0.019,40,0.019,40.0
5440,11.4,584,11.4,584.0
5448,3.392,246,3.392,246.0
546,1.566,840,1.566,840.0
5461,2.188,408,2.188,408.0
5467,103.6,136,103.6,136.0
5469,0.007,16,0.007,16.0
5482,0.002,282,0.002,282.0
5488,3.224,68,3.224,68.0
5511,0.07400000000000001,4,0.07400000000000001,4.0
552,0.001,2,0.001,2.0
5522,71.816,628,71.816,628.0
5523,0.123,172,0.123,172.0
5532,0.001,2,0.001,2.0
5537,0.0,8,0.0,8.0
5548,2.911,244,2.911,244.0
5551,40.772,32,40.772,32.0
5561,0.003,2,0.003,2.0
5571,0.0,56,0.0,56.0
5578,68.736,1526,68.736,1526.0
5579,0.013000000000000001,26,0.013000000000000001,26.0
559,6.021,486,6.021,486.0
5601,0.0,190,0.0,190.0
5614,0.0,10,0.0,10.0
5618,0.604,188,0.604,188.0
5625,0.1,30,0.1,30.0
5630,0.342,598,0.342,598.0
5634,0.0,2,0.0,2.0
5636,0.0,14,0.0,14.0
5666,0.153,124,0.153,124.0
5668,7.665,358,7.665,358.0
567,0.0,54,0.0,54.0
5670,15.729,212,15.729,212.0
5680,0.007,2,0.007,2.0
5682,0.005,2,0.005,2.0
569,4.639,942,4.639,942.0
570,0.108,154,0.108,154.0
5700,0.084,18,0.084,18.0
5704,0.47500000000000003,864,0.47500000000000003,864.0
5706,7.1739999999999995,6,7.1739999999999995,6.0
5707,0.543,6,0.543,6.0
5718,0.543,172,0.543,172.0
5722,0.0,338,0.0,338.0
5726,0.205,104,0.205,104.0
5729,0.22,110,0.22,110.0
573,111.778,36,111.778,36.0
5733,0.0,190,0.0,190.0
5745,0.941,158,0.941,158.0
5754,9.823,198,9.823,198.0
5755,0.06999999999999999,16,0.06999999999999999,16.0
5759,0.03,16,0.03,16.0
5760,0.0,14,0.0,14.0
5768,0.004,212,0.004,212.0
5777,0.0,334,0.0,334.0
5781,0.0,6,0.0,6.0
5797,2.7,350,2.7,350.0
58,0.076,4,0.076,4.0
5808,13.609,584,13.609,584.0
581,258.662,188,258.662,188.0
5810,1.513,4,1.513,4.0
5814,4.189,4,4.189,4.0
5826,0.213,44,0.213,44.0
5844,0.1,378,0.1,378.0
5847,0.0,14,0.0,14.0
5849,0.0,188,0.0,188.0
5856,0.0,196,0.0,196.0
5866,0.017,94,0.017,94.0
5870,107.637,12,107.637,12.0
5883,0.0,80,0.0,80.0
5884,3.719,266,3.719,266.0
5887,1.9000000000000001,108,1.9000000000000001,108.0
5889,663.37,4486,663.557,4490.0
5901,0.123,102,0.123,102.0
5933,0.064,94,0.064,94.0
5934,0.024,30,0.024,30.0
5935,6.974,128,6.974,128.0
5936,105.516,640,105.516,640.0
5939,0.0,36,0.0,36.0
5948,6.112,604,6.112,604.0
5966,0.0,58,0.0,58.0
597,0.001,170,0.001,170.0
5988,0.0,328,0.0,328.0
5992,4.513,816,4.513,816.0
5993,0.091,96,0.091,96.0
5996,0.0,208,0.0,208.0
5999,0.472,312,0.472,312.0
59E+,0.049,8,0.049,8.0
6,4.589,282,4.589,282.0
6000,12.939,474,12.939,474.0
6002,0.132,432,0.132,432.0
6003,0.019,16,0.019,16.0
6007,0.001,2,0.001,2.0
6008,29.0,300,29.0,300.0
6009,1.979,38,1.979,38.0
601,1.201,298,1.201,298.0
6010,0.433,452,0.433,452.0
6011,0.133,376,0.133,376.0
6012,359.07,2540,359.07,2540.0
6017,0.128,186,0.128,186.0
6019,0.113,84,0.113,84.0
6022,25.158,1694,25.158,1694.0
6027,0.05,74,0.05,74.0
6031,10.428,1896,10.428,1896.0
6032,2.293,856,2.293,856.0
6051,1.648,294,1.648,294.0
6057,5107.355,3516,5107.355,3516.0
6060,0.001,60,0.001,60.0
6066,0.145,260,0.145,260.0
6080,0.002,150,0.002,150.0
6086,0.343,98,0.343,98.0
609,0.0,92,0.0,92.0
6090,7.046,80,7.046,80.0
6094,0.308,138,0.308,138.0
60E+,0.143,22,0.143,22.0
611,0.411,118,0.411,118.0
6117,0.572,110,0.572,110.0
614,0.006,18,0.006,18.0
616,3.356,1358,3.356,1358.0
619,2764.026,180,2764.026,180.0
6190,107.581,84,107.581,84.0
6192,0.266,160,0.266,160.0
6203,0.0,70,0.0,70.0
6206,5.09,216,5.09,216.0
621,0.002,2,0.002,2.0
6212,5.9,92,5.9,92.0
622,0.118,94,0.118,94.0
6234,0.0,22,0.0,22.0
6245,0.027999999999999997,4,0.027999999999999997,4.0
625,0.0,46,0.0,46.0
6270,0.0,18,0.0,18.0
6271,0.0,6,0.0,6.0
6274,0.0,8,0.0,8.0
63,0.026000000000000002,4,0.026000000000000002,4.0
630,29548.487,8454,29548.487,8454.0
6319,4.899,2800,4.899,2800.0
633,4.6770000000000005,442,4.6770000000000005,442.0
635,0.14300000000000002,92,0.14300000000000002,92.0
6351,0.098,16,0.098,16.0
636,0.0,38,0.0,38.0
6373,3.995,330,3.995,330.0
639,122.703,812,122.703,812.0
640,150.277,16,150.277,16.0
6400,0.074,22,0.074,22.0
642,0.874,66,0.874,66.0
644,156.14,632,156.14,632.0
6449,0.627,12,0.627,12.0
6508,0.147,38,0.147,38.0
651,7.511,110,7.511,110.0
6511,0.013000000000000001,8,0.013000000000000001,8.0
6557,0.302,58,0.302,58.0
6562,0.002,88,0.002,88.0
6566,0.827,302,0.827,302.0
6571,0.007,20,0.007,20.0
6583,5.868,12,5.868,12.0
66,0.005,8,0.005,8.0
661,0.677,2548,0.677,2548.0
6620,0.023,12,0.023,12.0
6631,1.528,2,1.528,2.0
6675,0.0,4,0.0,4.0
668,0.0,158,0.0,158.0
6702,0.011,2,0.011,2.0
6706,2.922,16,2.922,16.0
6713,6.03,188,6.03,188.0
6720,0.135,308,0.135,308.0
6727,2.042,1030,2.226,1070.0
6749,18.241,84,18.241,84.0
6761,1.409,78,1.409,78.0
6770,0.281,6,0.281,6.0
6771,0.455,8,0.455,8.0
6772,99.321,186,99.321,186.0
6773,0.257,12,0.257,12.0
6774,1.633,28,1.633,28.0
6780,2.7479999999999998,168,2.7479999999999998,168.0
6806,11.079,60,11.079,60.0
682,12.434,342,12.434,342.0
6841,0.552,332,0.552,332.0
6852,0.351,6,0.351,6.0
6877,0.0,36,0.0,36.0
691,0.02,88,0.02,88.0
6958,0.454,102,0.454,102.0
6985,0.0,2,0.0,2.0
6989,0.0,14,0.0,14.0
7,24070.125,3292,24070.125,3292.0
7000,0.634,398,0.634,398.0
7001,0.533,4,0.533,4.0
7002,0.5690000000000001,6,0.5690000000000001,6.0
7013,0.372,194,0.372,194.0
7015,0.36,244,0.36,244.0
7017,10.263,1234,10.263,1234.0
7020,0.728,198,0.728,198.0
7032,0.495,190,0.495,190.0
7057,0.012,90,0.012,90.0
706,0.0,30,0.0,30.0
7064,0.899,318,0.899,318.0
7065,10.727,424,10.727,424.0
7067,5.336,352,5.336,352.0
7073,234.166,2288,234.166,2288.0
7079,37.047,1382,37.719,1404.0
708,41.43,358,41.43,358.0
7084,0.051000000000000004,36,0.051000000000000004,36.0
7091,19.865,502,19.865,502.0
7092,0.0,2,0.0,2.0
7093,1.901,350,1.901,350.0
7095,17267.954,1364,17267.954,1364.0
7096,0.0,2,0.0,2.0
7102,0.062,98,0.062,98.0
7105,0.027,64,0.027,64.0
7107,2.063,518,2.063,518.0
7112,0.031,22,0.031,22.0
7114,19.404,190,19.404,190.0
7116,3.9000000000000004,192,3.9000000000000004,192.0
7124,939.3870000000001,432,939.3870000000001,432.0
713,0.1,200,0.1,200.0
7142,0.0,84,0.0,84.0
7145,3.466,336,3.466,336.0
7151,0.841,744,0.841,744.0
7153,3.838,174,3.838,174.0
7156,0.0,2,0.0,2.0
717,1.328,366,1.328,366.0
7170,0.261,48,0.261,48.0
7173,850.396,664,850.396,664.0
7175,10.57,378,10.57,378.0
7192,0.0,2,0.0,2.0
7199,0.034,358,0.034,358.0
720,0.081,16,0.081,16.0
7210,0.028,102,0.028,102.0
7227,21.278,172,21.278,172.0
7231,1299.339,2968,1299.339,2968.0
7236,293.302,5532,293.667,5629.0
7239,7.038,354,7.038,354.0
7240,17.776,502,18.521,518.0
7245,1.61,886,1.61,886.0
7248,6.2,256,6.2,256.0
725,0.013000000000000001,88,0.013000000000000001,88.0
7254,0.07300000000000001,126,0.07300000000000001,126.0
7260,0.62,252,0.62,252.0
727,0.001,2,0.001,2.0
7270,0.338,122,0.338,122.0
7273,11.178,644,11.178,644.0
7283,0.163,42,0.163,42.0
7287,0.002,16,0.002,16.0
729,39.163000000000004,372,39.163000000000004,372.0
7294,10.065,314,10.065,314.0
7306,1.6179999999999999,36,1.6179999999999999,36.0
7319,0.209,96,0.209,96.0
7321,14.025,1634,14.025,1634.0
7325,0.543,10,0.543,10.0
7329,0.0,2,0.0,2.0
7332,232.209,166,232.209,166.0
7340,0.0,2,0.0,2.0
7346,66.603,764,66.603,764.0
735,0.0,110,0.0,110.0
7351,1.804,18,1.804,18.0
7353,7.802,4,7.802,4.0
7357,0.15400000000000003,94,0.15400000000000003,94.0
7365,2.158,378,2.158,378.0
7380,0.479,16,0.479,16.0
7381,0.012,6,0.012,6.0
7389,6.223,432,6.223,432.0
74,0.0,186,0.0,186.0
7408,0.001,94,0.001,94.0
7414,0.799,134,0.799,134.0
7430,19.902,874,19.902,874.0
7431,0.239,84,0.239,84.0
7432,14.167,14,14.167,14.0
7440,0.443,170,0.45,174.0
7448,0.019,10,0.019,10.0
7456,0.0,20,0.0,20.0
7457,310.861,640,310.861,640.0
7460,14.398,280,14.398,280.0
7468,0.9,188,0.9,188.0
7473,13.02,186,13.02,186.0
7480,0.002,4,0.002,4.0
7488,8.415,546,8.415,546.0
75,0.423,110,0.423,110.0
7501,0.059000000000000004,64,0.059000000000000004,64.0
7505,0.656,94,0.656,94.0
7507,0.005,26,0.005,26.0
7532,0.421,16,0.421,16.0
7544,0.032,2,0.032,2.0
7570,0.41100000000000003,6,0.41100000000000003,6.0
7571,0.0,54,0.0,54.0
7575,0.0,94,0.0,94.0
7577,2.559,186,2.559,186.0
7581,1.8090000000000002,94,1.8090000000000002,94.0
7582,0.0,2,0.0,2.0
7585,0.05,30,0.05,30.0
7586,0.005,6,0.005,6.0
7639,7243.652,1134,7243.652,1134.0
7647,0.014,22,0.014,22.0
7652,12.671,110,306.507,131.0
7674,90.685,832,90.685,832.0
7680,117140.971,5436,117140.971,5436.0
7684,260.373,380,260.373,380.0
7693,0.0,38,0.0,38.0
7695,48.548,936,48.548,936.0
7728,0.152,4,0.152,4.0
7737,0.796,154,0.796,154.0
7740,354.27,210,354.27,210.0
7741,215.764,110,215.764,110.0
7744,0.325,258,0.325,258.0
7756,139.052,586,139.052,586.0
7760,0.035,2,0.035,2.0
7764,10.346,178,10.346,178.0
7765,558.589,1788,558.589,1788.0
7777,0.0,18,0.0,18.0
7780,0.067,16,0.067,16.0
7786,0.41300000000000003,16,0.41300000000000003,16.0
7787,0.192,14,0.192,14.0
7790,91.924,440,91.924,440.0
7793,0.003,4,0.003,4.0
7795,0.348,4,0.348,4.0
78,4.753,800,4.753,800.0
7803,0.049,4,0.049,4.0
7816,10.923,658,10.923,658.0
7817,0.141,40,0.141,40.0
7824,3.069,190,3.069,190.0
7852,0.1,198,0.1,198.0
788,0.0,94,0.0,94.0
7882,0.146,454,0.146,454.0
7887,0.156,104,0.156,104.0
7889,105.111,1454,105.111,1454.0
7890,380.921,2312,380.921,2312.0
7891,0.001,4,0.001,4.0
7892,5.016,354,5.215,357.0
7897,0.005,4,0.005,4.0
7919,46.425,3866,46.425,3866.0
7957,0.183,94,0.183,94.0
7963,1.162,22,1.162,22.0
7964,0.003,4,0.003,4.0
7965,0.001,2,0.001,2.0
7968,0.004,4,0.004,4.0
7978,0.055,4,0.055,4.0
7979,7.139,960,7.139,960.0
7991,0.04,464,0.04,464.0
8,221.046,2680,252.791,2705.0
800,5.684,126,5.684,126.0
8000,0.349,22,0.349,22.0
8001,0.0,2,0.0,2.0
8003,2.3850000000000002,36,2.3850000000000002,36.0
8028,0.0,200,0.0,200.0
8038,0.0,90,0.0,90.0
8039,0.001,88,0.001,88.0
8043,0.0,2,0.0,2.0
8046,0.529,4,0.529,4.0
8049,0.163,18,0.163,18.0
8069,19.848,2248,19.848,2248.0
8089,1.584,34,1.584,34.0
8095,0.001,2,0.001,2.0
8100,1.58,16,1.58,16.0
8102,0.30000000000000004,30,0.30000000000000004,30.0
8105,0.057,104,0.057,104.0
8115,0.025,42,0.025,42.0
8147,0.054,46,0.054,46.0
815,0.0,2,0.0,2.0
8162,1655.114,570,1655.114,570.0
8163,0.003,4,0.003,4.0
8186,0.557,402,0.574,410.0
8192,3.609,280,3.609,280.0
8194,0.0,262,0.0,262.0
8204,0.004,144,0.004,144.0
825,0.0,48,0.0,48.0
8250,0.824,72,0.824,72.0
8265,0.03,4,0.03,4.0
8267,0.007,2,0.007,2.0
827,2654.753,380,2654.753,380.0
8273,45.312,8,45.312,8.0
828,120.51,450,120.51,450.0
8281,0.0,10,0.0,10.0
8288,31.464,84,31.464,84.0
83,41.888,438,41.888,438.0
830,0.054,54,0.054,54.0
8305,0.0,94,0.0,94.0
834,379.33,946,379.33,946.0
8361,5.947,36,5.947,36.0
8365,0.41200000000000003,12,0.41200000000000003,12.0
8370,86.389,562,86.389,562.0
8376,36.104,1170,36.104,1170.0
8400,1.188,8,1.188,8.0
8401,20.217,8,20.217,8.0
8404,1.129,8,1.129,8.0
8405,0.065,4,0.065,4.0
8406,0.041,4,0.041,4.0
8411,0.056999999999999995,6,0.056999999999999995,6.0
8434,0.5,12,0.5,12.0
8436,0.0,26,0.0,26.0
8438,0.0,18,0.0,18.0
8439,0.683,92,0.683,92.0
8440,17.534,212,17.534,212.0
8441,0.046,6,0.046,6.0
8463,0.007,4,0.007,4.0
8473,1.1,454,1.1,454.0
8481,28.686,28,28.686,28.0
8482,5.884,16,5.884,16.0
8483,1.561,6,1.561,6.0
8485,90.65899999999999,12,90.65899999999999,12.0
8490,0.002,2,0.002,2.0
8497,0.0,24,0.0,24.0
8500,45.452,190,45.452,190.0
8507,15.338000000000001,130,15.338000000000001,130.0
8508,30.272,80,30.272,80.0
851,8.746,1138,8.746,1138.0
8523,0.0,12,0.0,12.0
8532,2.028,164,2.028,164.0
8536,418.197,1130,418.197,1130.0
8545,8.435,24,8.435,24.0
8554,0.0,152,0.276,202.0
8560,0.020999999999999998,6,0.020999999999999998,6.0
858,167.267,2732,167.267,2732.0
8581,0.035,8,0.035,8.0
8585,31.3,188,31.3,188.0
8598,0.003,14,0.003,14.0
860,12.526,212,12.526,212.0
8614,35212.188,7134,35212.188,7134.0
8633,0.001,94,0.001,94.0
865,43.19,446,43.19,446.0
8671,0.08,34,0.08,34.0
8672,0.001,2,0.001,2.0
8685,2.791,84,2.791,84.0
869,2.882,562,2.882,562.0
8732,9.805,358,9.805,358.0
8733,0.0,100,0.0,100.0
874,0.0,268,0.0,268.0
8745,1.1,672,1.1,672.0
8766,0.0,16,0.0,16.0
8775,0.0,30,0.0,30.0
8800,0.5760000000000001,22,0.5760000000000001,22.0
8806,1.1300000000000001,12,1.1300000000000001,12.0
8808,0.001,260,0.001,260.0
8811,0.04,18,0.04,18.0
8817,0.08600000000000001,250,96.841,300.0
882,101.226,1018,109.559,1068.0
8826,1.6219999999999999,238,1.6219999999999999,238.0
884,0.008,90,0.008,90.0
8843,4.1000000000000005,142,4.1000000000000005,142.0
8849,1.2000000000000002,36,1.2000000000000002,36.0
885,0.117,172,0.117,172.0
886,0.033,98,0.033,98.0
887,26057.898,7012,26057.898,7012.0
8870,1.062,442,1.147,458.0
8875,90.375,32,90.375,32.0
8877,0.025,4,0.025,4.0
8882,0.0,188,0.0,188.0
8884,10.5,524,10.5,524.0
891,0.13,60,0.13,60.0
8912,4.873,450,4.873,450.0
8926,0.931,72,0.931,72.0
8939,0.0,74,0.0,74.0
8951,78.208,160,78.208,160.0
8953,7.758,32,7.758,32.0
8957,10.04,16,10.04,16.0
8970,13.358,138,13.358,138.0
8971,4.099,24,4.099,24.0
8983,152.809,4742,152.809,4742.0
8989,7.841,80,7.841,80.0
8990,19.294,56,19.294,56.0
8994,0.0,190,0.0,190.0
8995,0.133,16,0.133,16.0
8997,0.418,32,0.418,32.0
9,1.2610000000000001,110,1.2610000000000001,110.0
90,1.625,744,1.655,758.0
9000,0.0,48,0.0,48.0
9003,0.347,6,0.347,6.0
9011,115.355,382,115.355,382.0
9017,0.0,6,0.0,6.0
9020,4122.432,4090,4122.432,4090.0
9025,11.517,24,11.517,24.0
9026,0.0,2,0.0,2.0
9038,25.231,542,25.231,542.0
9041,77.767,236,77.767,236.0
9084,0.0,24,0.0,24.0
9085,0.30000000000000004,20,0.30000000000000004,20.0
9100,0.0,18,0.0,18.0
9108,3.001,44,3.001,44.0
9109,20.5,156,20.5,156.0
9110,0.084,180,0.084,180.0
914,0.0,12,0.0,12.0
9144,0.0,6,0.0,6.0
9150,0.001,16,0.001,16.0
9153,0.003,926,0.003,926.0
9155,0.001,2,0.001,2.0
916,19.909,438,19.909,438.0
9185,0.0,12,0.0,12.0
92,46.934,90,46.934,90.0
9202,17.496,240,17.496,240.0
9211,1.614,32,1.614,32.0
9224,4.636,872,4.636,872.0
9225,9.553,858,9.553,858.0
9232,2.488,458,2.488,458.0
9262,0.0,8,0.0,8.0
9271,0.0,2,0.0,2.0
9280,0.0,18,0.0,18.0
9285,3.325,118,3.325,118.0
930,13.071,1168,13.071,1168.0
9300,0.775,94,0.775,94.0
9331,0.0,48,0.0,48.0
9333,19.480999999999998,16,19.480999999999998,16.0
9347,0.007,6,0.007,6.0
9349,0.043,14,0.043,14.0
9356,0.0,72,0.0,72.0
9375,38.866,118,38.866,118.0
9392,0.0,2,0.0,2.0
9433,1262.001,714,1262.001,714.0
9452,5.675,674,5.675,674.0
9478,0.0,6,0.0,6.0
9480,1.106,28,1.106,28.0
956,0.02,180,0.02,180.0
9584,0.0,2,0.0,2.0
96,0.189,238,0.189,238.0
9606,0.001,2,0.001,2.0
9659,4.734,144,4.734,144.0
9663,37.845,120,37.845,120.0
9666,0.046,4,0.046,4.0
9685,2.699,262,2.699,262.0
9689,3.176,196,3.176,196.0
9703,0.0,42,0.0,42.0
9733,536.567,564,536.567,564.0
9747,0.0,38,0.0,38.0
9760,0.001,4,0.001,4.0
9767,0.0,12,0.0,12.0
9773,0.044,6,0.044,6.0
9780,3.0,34,3.0,34.0
9789,0.067,482,0.069,489.0
9795,0.141,16,0.141,16.0
9796,0.019,548,0.019,548.0
980,0.0,8,0.0,8.0
9805,0.008,36,0.008,36.0
981,0.06999999999999999,74,0.06999999999999999,74.0
9813,0.003,2,0.003,2.0
9818,4.2,940,4.2,940.0
9826,0.30000000000000004,18,0.30000000000000004,18.0
9855,0.619,244,0.619,244.0
9859,0.0,2,0.0,2.0
9863,3.78,530,3.78,530.0
9880,5.075,164,5.075,164.0
9894,2.676,70,2.676,70.0
9897,0.0,50,0.0,50.0
9898,0.0,2,0.0,2.0
9899,0.575,4,0.575,4.0
991,1.183,174,1.183,174.0
9941,0.059000000000000004,94,0.059000000000000004,94.0
9985,0.007,32,0.007,32.0
999,25.331,322,25.331,322.0
9990,0.0,416,0.0,416.0
A,361.826,2222,361.826,2222.0
AGU ,60.919,30,60.919,30.0
ARIL,18.757,10,18.757,10.0
BR S,0.035,14,0.035,14.0
CHNT,0.02,10,0.02,10.0
CL S,0.301,10,0.301,10.0
CLBR,0.166,64,0.166,64.0
CMP ,0.556,10,0.556,10.0
CRD ,2.1189999999999998,20,2.1189999999999998,20.0
CSTN,38.081,30,38.081,30.0
CSTÃ‘,1.38,10,1.38,10.0
DN B,0.001,2,0.001,2.0
EGO ,55.645,30,55.645,30.0
ERTO,24.156,20,24.156,20.0
ESSI,0.057,10,0.057,10.0
G OL,7.205,20,7.205,20.0
G SL,197.341,40,197.341,40.0
G TM,0.22,20,0.22,20.0
GN S,44.954,10,44.954,10.0
GNC ,0.33799999999999997,10,0.33799999999999997,10.0
GU G,4.49,10,4.49,10.0
L BL,1.049,10,1.049,10.0
L CR,1.0110000000000001,30,1.0110000000000001,30.0
L SL,13.14,68,13.14,68.0
LAND,0.036000000000000004,10,0.036000000000000004,10.0
LASS,0.9359999999999999,10,0.9359999999999999,10.0
LD S,0.005,6,0.005,6.0
LF S,1.3130000000000002,10,1.3130000000000002,10.0
LIOS,10.618,10,10.618,10.0
LL P,0.038,12,0.038,12.0
LL S,50.009,44,50.009,44.0
LLL ,0.047,10,0.047,10.0
LLO ,4.314,10,4.314,10.0
LN T,0.033,8,0.033,8.0
LPP ,25.25,10,25.25,10.0
LT S,0.029,10,0.029,10.0
M SL,0.622,10,0.622,10.0
MDRN,22.093,36,22.093,36.0
MMO ,1.328,20,1.328,20.0
MNS ,0.015,10,0.015,10.0
MS S,0.021,14,0.021,14.0
MT E,0.222,10,0.222,10.0
N IT,349941.382,192,349941.382,192.0
ND S,0.048,10,0.048,10.0
NESI,0.072,10,0.072,10.0
NLD ,0.03,10,0.03,10.0
NLL ,0.005,6,0.005,6.0
NNO ,0.005,8,0.005,8.0
NS S,1.014,30,1.014,30.0
NT S,0.014,6,0.014,6.0
NTI ,0.016,6,0.016,6.0
NTS ,122.059,16,122.059,16.0
NZ C,7.378,10,7.378,10.0
NZAN,1.117,20,1.117,20.0
ORA ,0.036000000000000004,10,0.036000000000000004,10.0
OVAN,0.024,10,0.024,10.0
P VV,0.442,30,0.442,30.0
PL P,0.012,10,0.012,10.0
PST ,0.25,10,0.25,10.0
R 36,0.001,2,0.001,2.0
R HM,0.042,10,0.042,10.0
R PS,3.625,10,3.625,10.0
R SL,4.904,10,4.904,10.0
RILL,48.339,30,48.339,30.0
RMNT,0.05,10,0.05,10.0
RN B,0.06899999999999999,10,0.06899999999999999,10.0
RN S,4.369,10,4.369,10.0
RNCS,0.7,10,0.7,10.0
RT C,0.004,8,0.004,8.0
S D ,0.154,28,0.154,28.0
S NP,1.144,10,1.144,10.0
S P/,15.649,76,15.649,76.0
S PR,0.248,10,0.248,10.0
S PS,0.084,10,0.084,10.0
S TM,5.675,20,5.675,20.0
SIN RECURSO,538713.25,3126,,
SINI,0.001,2,0.001,2.0
SSC ,0.001,2,0.001,2.0
T AL,1.017,10,1.017,10.0
T D ,0.074,20,0.074,20.0
T GN,0.007,8,0.007,8.0
T SL,0.02,22,0.02,22.0
T'S ,317.262,10,317.262,10.0
TC S,0.001,2,0.001,2.0
TLL ,7.361,34,7.361,34.0
TN S,1.107,10,1.107,10.0
TS S,409.062,138,409.062,138.0
UNTS,571.822,10,571.822,10.0
VLL ,0.5529999999999999,14,0.5529999999999999,14.0
VT S,1.082,20,1.082,20.0
VVT ,0.009000000000000001,8,0.009000000000000001,8.0
ZN S,1.364,20,1.364,20.0
ZT S,0.028999999999999998,10,0.028999999999999998,10.0
ZTT ,0.062,20,0.062,20.0
n,152274.258,534,152274.258,534.0
