,RECURSO,UNIDADES_EN_000,VALOR_EN_000_PESOS
0,110,16.964,106.766
1,110,14.973,95.581
2,110,12.618,77.181
3,110,15.761,86.946
4,110,14.646,82.453
5,110,11,76.3
6,110,9.2,64.6
7,110,9.5,65
8,110,38.4,180.2
9,110,40.447,202.834
10,110,38.229,192.552
11,110,46.68,211.247
12,110,47.284,196.048
13,110,43.962,205.361
14,110,40.105,184.581
15,110,37.041,173.445
16,110,46.097,208.151
17,110,44.972,213.653
18,110,1.78,11.883
19,110,1.638,10.98
20,110,1.631,10.824
21,110,1.591,10.518
22,110,1.68,11.114
23,110,1.751,11.645
24,110,1.606,10.722
25,110,229.587,1274.518
26,110,234.468,1249.091
27,110,168.155,926.29
28,110,169.706,861.421
29,110,223.268,1169.52
30,110,184.656,1007.019
31,110,174.57,975.225
32,110,174.81,973.154
33,110,198.519,1083.374
34,110,227.201,1211.82
35,110,253.513,1365.197
36,110,232.993,1268.185
37,110,238.989,1301.619
38,110,243.863,1296.038
39,110,248.413,1264.41
40,110,204.632,1205.312
41,110,238.288,1288.872
42,110,241.993,1311.562
43,110,224.223,1296.678
44,110,226.9,1371
45,110,203.8,1255.9
46,110,217.1,1247.4
47,110,191.1,1067.7
48,110,190.9,1078.4
49,110,43.432,239.724
50,110,47.949,265.435
51,110,0.576,5.095
52,110,0.506,5.185
53,110,0.548,5.384
54,110,0.586,5.846
55,110,0.545,5.583
56,110,0.472,4.826
57,110,0.394,3.907
58,110,0.261,2.592
59,110,0.017,1.205
60,110,2.609,118.633
61,110,2.537,115.469
62,110,2.738,126.285
63,110,2.726,124.339
64,110,2.606,115.689
69,100,6.7,46
70,100,14.794,181.333
71,100,12.842,156.863
72,100,13.913,165.379
73,100,13.845,158.107
74,100,14.888,172.84
75,100,14.064,171.293
76,100,13.304,170.032
77,100,15.27,198.524
78,100,14.333,186.345
79,100,14.912,193.735
80,100,13.639,177.568
81,100,14.008,182.74
82,100,14.994,195.332
83,100,14.169,183.348
84,100,14.276,189.045
85,100,13.785,183.041
86,100,15.6,208.8
87,100,13.7,185
88,100,14.1,189.2
89,100,11.2,152
90,100,12.2,165.9
99,100,18.073,450.91
101,100,19.863,497.004
104,100,20.312,502.923
106,100,18.376,454.856
108,100,20.123,496.698
110,100,19.48,478.877
112,100,18.559,460.789
114,100,18.48,453.97
116,100,18.867,465.084
118,100,20.573,470.276
120,100,20.325,471.336
123,100,21.463,510.394
125,100,19.145,460.215
127,100,20.597,482.282
130,100,19.967,469.515
132,100,20.718,488.639
134,100,18.56,442.518
136,100,21.354,511.741
138,100,19.84,477.682
140,100,19.921,482.235
142,100,18.894,456.053
144,100,19.807,480.69
146,100,21.088,508.304
148,100,19.96,483.306
150,100,21.09,507.04
152,100,20.114,481.922
167,100,0.35,8.565
216,100,6.545,54.938
218,100,5.282,44.407
220,100,5.055,45.292
222,100,3.178,29.825
224,100,3.04,27.81
226,100,2.148,20.241
232,100,17.844,52.773
254,100,0.189,1.23
255,100,0.193,1.248
256,100,0.187,1.216
282,100,59.046,340.833
298,100,0.599,14.858
327,100,0.13,2.65
328,100,0.136,2.763
329,100,0.099,2.06
388,100,52.034,345.11
472,100,0,0.1
474,100,0,0.1
477,100,0.001,0.029
479,100,0.001,0.026
480,100,0.001,0.028
483,100,0,2.5
484,100,0,2.2
485,100,0,4.1
486,100,0,6.3
487,100,0,1.4
545,100,0.104,8.167
550,100,0.631,25.298
552,100,0.599,24.087
555,100,0.632,26.164
557,100,0.65,26.259
559,100,0.64,25.806
563,100,0.637,25.409
565,100,0.634,24.601
567,100,0.617,24.101
569,100,0.573,22.992
571,100,0.669,25.986
573,100,0.581,23.134
577,100,0.571,22.857
580,100,1.807,78.729
590,100,2.7,129.8
600,100,0.002,0.027
621,100,0.001,0.054
624,100,7.539,430.45
628,887,9.092,51.928
629,887,7.9,54.7
630,887,58.66,383.974
631,887,0.841,4.772
632,887,1.915,131.085
633,887,3.2,223.1
634,887,3.145,132.956
636,887,2.943,125.748
638,887,3.076,129.912
639,887,3.051,130.221
641,887,3.815,165.623
642,887,3.758,163.39
643,887,3.916,170.284
647,887,2.913,133.871
707,301,0.1,3.47
708,301,0.095,3.236
709,301,0.097,3.318
713,301,0.103,3.489
715,301,0.099,3.366
728,301,0.148,4.125
729,301,0,1.4
867,301,0,0.3
905,301,0.001,0.061
907,301,0.001,0.068
911,301,0.001,0.068
913,301,0.005,0.34
915,301,0.005,0.34
926,301,0.001,0.068
929,301,0.002,0.136
931,301,0.001,0.068
939,301,0.002,0.136
942,301,0.001,0.068
944,301,0.002,0.136
946,301,0.001,0.068
948,301,0.004,0.272
1045,226,6.74,39.734
1046,226,5.741,34.358
1047,226,5.602,36.275
1048,226,0.427,2.777
1049,226,0.435,2.829
1050,226,0.311,2.023
1051,226,0.28,1.822
1052,226,0.435,2.828
1053,226,0.314,2.04
1054,226,0.308,1.921
1055,226,0.293,1.819
1056,302,3.433,20.475
1074,302,0.03,0.274
1077,302,1.542,10.236
1078,302,1.573,10.546
1079,302,1.527,10.215
1080,302,1.796,12.002
1083,302,0.128,1.265
1084,302,0.001,0.003
1085,302,0.009,0.882
1086,302,0.017,1.568
1087,302,0.045,4.41
1088,302,0.034,3.332
1089,302,0.011,1.078
1090,302,0.009,0.882
1091,302,0.011,1.078
1092,302,0.011,1.078
1093,302,0.01,0.98
1094,302,0.019,1.862
1095,302,0.016,1.568
1096,302,0.007,0.686
1097,302,0.005,0.49
1098,302,0.006,0.588
1099,302,0.002,0.065
1100,302,0.002,0.065
1101,302,0.003,0.098
1102,302,0.002,0.065
1103,302,0.003,0.098
1104,302,0.003,0.098
1108,302,0,0.2
1139,302,0.335,11.502
1140,302,0.429,14.406
1141,302,0.338,11.703
1142,302,0.331,11.157
1143,302,0.642,23.861
1144,302,0.231,7.847
1145,302,0.373,9.961
1146,302,0.508,10.364
1147,302,0.509,9.576
1148,302,0.371,11.237
1149,302,0.365,11.637
1150,302,0.388,11.706
1151,302,0.36,11.623
1152,302,0.329,10.527
1153,302,0.301,10.499
1154,302,0.217,7.252
1155,302,0.2,6.445
1156,302,0.217,7.066
1157,302,0.188,6.142
1158,302,0.216,6.793
1159,302,0.176,5.72
1160,302,0.205,6.508
1161,302,0.185,6.039
1166,106,2.839,17.089
1167,106,0.873,3.618
1168,106,1.201,5.504
1169,106,0.787,4.338
1170,106,0.448,2.787
1171,106,4.024,24.018
1172,106,7.029,41.943
1173,106,11.268,67.147
1174,106,5.9,35.065
1175,106,1.382,7.983
1176,106,1.6,8.6
1177,106,0.437,3.196
1178,106,0.596,4.311
1179,106,0.558,4.087
1180,106,0.604,4.434
1181,106,0.818,5.666
1182,106,6.156,44.647
1183,106,0.001,0.07
1185,106,0.003,0.21
1186,106,0.001,0.07
1188,106,0,0.1
1190,106,0,0.1
1192,106,0,0.1
1194,106,0,0.1
1196,106,0.002,0.14
1197,106,0.001,0.07
1198,106,0.002,0.14
1199,106,0.002,0.14
1200,106,0.001,0.07
1201,106,0.002,0.14
1202,106,0.002,0.14
1204,1024,7.277,48.591
1205,102,12.106,72.725
1206,102,12.104,79.494
1207,102,11.259,73.857
1208,102,11.153,73.144
1209,102,11.453,76.761
1210,102,10.427,66.862
1211,102,11.94,77.019
1212,102,10.449,71.53
1214,102,0.071,1.763
1215,102,0.301,7.244
1216,102,0.33,8.374
1217,102,0.392,9.6
1218,102,0.387,9.339
1219,102,0.305,7.381
1220,102,0.34,7.972
1221,102,0.322,7.737
1222,102,0.025,0.625
1223,102,0.048,1.194
1224,102,0.07,1.746
1225,102,0.096,2.377
1226,102,0.132,3.27
1227,102,0.202,4.657
1228,102,0.162,3.659
1229,102,0.221,5.164
1230,102,0.283,6.6
1231,102,0.182,4.276
1233,102,0.078,1.909
1234,102,0.279,6.988
1235,102,0.4,9.894
1236,102,0.41,10.222
1237,102,0.413,10.116
1238,102,0.383,9.229
1239,102,0.482,10.71
1240,102,0.369,9.118
1241,102,0.731,17.587
1242,102,0.628,15.403
1243,102,0.638,15.466
1244,102,0.871,21.386
1245,102,0.634,15.21
1246,102,0.548,14.083
1247,102,0.458,11.709
1248,102,0.535,13.711
1249,102,0.464,11.801
1250,102,0.396,10.094
1251,102,0.343,8.579
1252,102,0.531,11.259
1253,102,0.41,10.142
1254,102,0.342,8.393
1255,102,0.406,9.291
1256,102,0.259,6.43
1257,102,0.202,4.823
1258,102,0.225,5.174
1259,102,0.178,4.345
1260,102,0.138,3.448
1261,102,0.122,2.957
1262,102,0.106,2.615
1263,102,0.104,2.301
1264,102,0.096,2.139
1265,102,0.077,1.978
1266,102,0.046,1.176
1267,102,0.052,1.345
1268,102,0.041,1.066
1269,102,0.033,0.857
1270,102,0.028,0.7
1271,102,0.02,0.488
1272,102,0.062,1.546
1273,102,0.022,0.512
1274,102,0.071,1.759
1275,102,0.021,0.541
1276,102,0.106,2.629
1277,102,0.157,3.921
1278,102,0.196,4.489
1279,102,0.202,4.768
1280,102,0.255,5.984
1281,102,0.243,5.679
1282,102,0.215,4.861
1285,102,2.05,89.963
1286,102,1.939,85.497
1292,102,0.502,11.935
1305,300,1.478,6.154
1306,300,1.27,5.148
1307,300,1.032,3.903
1308,300,2.381,8.798
1309,300,2.247,20.836
1310,300,1.898,9.844
1311,300,2.351,12.187
1312,300,2.252,11.658
1313,300,2.066,10.694
1314,300,1.59,8.196
1315,300,1.676,8.673
1316,300,1.78,9.249
1317,300,1.893,9.929
1318,300,1.916,10.115
1319,300,1.831,9.591
1320,300,2.029,10.681
1321,300,1.8,9.2
1378,300,0.622,3.352
1379,300,0.464,3.077
1380,300,0.468,3.329
1381,300,0.003,0.075
1382,300,0.004,0.17
1383,300,0.002,0.102
1384,300,0.001,0.015
1392,300,0.017,0.968
1399,7674,0.035,0.328
1400,221,0.008,0.103
1401,221,0,0.5
1402,221,0,0.5
1403,221,5.782,113.702
1404,221,7.272,143.124
1405,221,4.393,97.448
1406,221,5.838,133.03
1407,221,5.53,122.246
1408,221,5.281,110.459
1409,221,6.494,150.582
1410,221,6.927,158.412
1411,221,9.505,214.845
1412,221,12.051,262.868
1413,221,4.166,95.683
1414,221,6.32,161.44
1415,107,0.038,0.277
1416,107,24.134,554.771
1417,107,18.943,444.13
1418,107,19.2,434.149
1419,107,13.608,80.829
1421,107,285.566,1687.032
1422,107,0.211,2.013
1423,107,0.209,1.997
1424,107,0.143,1.295
1425,107,0.12,1.026
1426,107,0.089,0.763
1427,107,0.117,1.095
1428,107,0.126,1.178
1429,107,0.096,0.919
1430,107,47.37,222.013
1431,107,39.664,186.304
1432,107,45.162,205.13
1433,107,43.463,201.851
1434,107,38.239,176.05
1435,107,39.15,178.061
1436,107,38.325,177.671
1437,107,50.7,232.3
1438,107,37.7,166.2
1439,107,27.7,128
1440,107,30.7,140.7
1441,107,42.119,188.373
1442,107,46.911,217.335
1443,107,44.31,210.017
1444,107,2.362,16.07
1445,107,30.383,201.897
1446,107,19.436,122.586
1447,107,0.1,0.7
1448,107,0,0.1
1449,107,0.01,0.635
1450,107,0.01,0.635
1451,107,0.04,2.54
1452,107,0.022,1.397
1453,107,0.044,2.794
1454,107,0.17,3.373
1455,107,331.776,7123.927
1456,107,303.001,6308.165
1457,107,358.134,7326.171
1458,107,382.721,7326.408
1459,107,383.069,7737.571
1460,107,361.765,7102.607
1461,107,319.317,6322.524
1462,107,477.276,8843.418
1463,107,345.138,6726.61
1464,107,283.84,6467.064
1465,107,322.212,7460.139
1466,107,274.349,6525.059
1467,107,291.826,6791.426
1468,107,285.984,6360.547
1469,107,319.099,7037.632
1470,107,322.668,7022.457
1471,107,364.879,7565.02
1472,107,373.502,7802.266
1473,107,366.831,7658.988
1474,107,453.4,9474.6
1475,107,406.1,8457.9
1476,107,480.8,9985.7
1477,107,0.501,10.064
1478,107,676.7,13424
1479,107,0.528,10.587
1480,107,493.5,10237.4
1481,107,0.443,8.947
1482,107,718.419,4341.005
1484,107,621.403,3797.201
1486,107,837.277,4991.269
1488,107,758.226,4451.696
1490,107,880.556,5155.641
1492,107,677.52,4060.323
1494,107,645.741,3841.441
1496,107,693.223,4099.088
1498,107,552.334,3308.412
1500,107,544.453,3218.762
1501,107,369.109,2615.35
1503,107,466.155,3289.603
1505,107,411.782,2882.719
1507,107,437.068,3063.597
1509,107,403.643,2814.907
1511,107,502.371,3446.266
1513,107,590.236,3988.173
1515,107,622.268,4011.145
1517,107,559.972,3876.057
1519,107,469.911,3519.225
1521,107,676,4854.9
1523,107,523.5,3860.8
1525,107,662.5,4640.5
1527,107,573.8,4046.3
1529,107,584,4128
1531,107,0.061,0.667
1532,107,0.038,0.37
1533,107,0.091,0.759
1534,107,0.037,0.349
1535,107,0.023,0.201
1536,107,244.644,2036.379
1537,107,218.095,1859.582
1538,107,251.433,2122.699
1539,107,242.164,1964.622
1540,107,300.532,2521.983
1541,107,347.509,2684.786
1542,107,275.96,2229.201
1543,107,298.91,2444.473
1544,107,262.162,2176.386
1545,107,272.439,2367.538
1546,107,359.514,3070.666
1547,107,312.346,2680.331
1548,107,336.551,2872.326
1549,107,273.256,2413.431
1550,107,308.615,2662.365
1551,107,304.764,2726.283
1552,107,316.095,2740.292
1553,107,311.778,2768.749
1554,107,297.675,2640.732
1555,107,358.4,3175.8
1556,107,295.1,2586.2
1557,107,322.5,2824
1558,107,304.9,2713.3
1559,107,286.5,2631.1
1560,107,2.429,73.314
1561,107,2.9,89.5
1562,7639,33.658,515.127
1563,7639,29.383,459.016
1564,7639,31.044,485.915
1565,7639,28.909,447.979
1566,7639,31.484,506.084
1567,7639,29.901,467.328
1568,7639,28.685,439.907
1569,7639,29.491,466.618
1570,7639,28.474,463.501
1571,7639,27.966,425.874
1572,7639,32.083,489.391
1573,7639,28.365,462.866
1574,7639,27.899,470.153
1575,7639,26.75,449.485
1576,7639,28.097,471.166
1577,7639,30.545,514.454
1578,7639,28.598,478.62
1579,7639,31.632,528.833
1580,7639,29.932,503.017
1581,7639,33.4,561.8
1582,7639,29.1,486.4
1583,7639,29.7,492.9
1584,7639,23.9,394.6
1585,7639,25,416.4
1586,7639,45.833,686.213
1587,7639,40.465,613.884
1588,7639,39.202,606.686
1589,7639,41.011,600.297
1590,7639,39.607,622.518
1591,7639,38.91,581.3
1592,7639,33.843,516.409
1593,7639,34.263,547.108
1594,7639,34.792,557.352
1595,7639,34.926,519.831
1596,7639,39.114,578.452
1597,7639,35.249,551.067
1598,7639,35.19,567.41
1599,7639,32.978,532.763
1600,7639,33.649,543.418
1601,7639,35.841,584.918
1602,7639,35.232,550.485
1603,7639,38.74,607.615
1604,7639,36.36,580.154
1605,7639,41.6,660
1606,7639,38.8,611
1607,7639,44.9,710.9
1608,7639,57.6,905.6
1609,7639,45.4,721.2
1610,101,22.302,563.617
1611,101,22.39,563.856
1612,101,20.488,517.691
1613,101,21.523,544.205
1614,101,21.074,530.891
1615,101,21.183,534.523
1616,101,19.404,489.493
1617,101,20.27,507.096
1618,101,18.175,455.087
1619,101,25.767,154.186
1620,101,45.551,252.124
1621,101,35.499,213
1623,101,0.5,26.715
1625,101,0.514,27.465
1628,101,0.563,29.97
1630,101,0.666,35.238
1632,101,0.549,29.227
1641,101,0.025,1.588
1644,101,0.028,1.778
1646,101,0.03,1.905
1648,101,0.025,1.588
1651,101,0.03,1.905
1653,101,0.018,1.133
1655,101,0.036,2.286
1658,101,0.036,2.286
1660,101,0.563,28.785
1662,101,0.429,22.981
1669,101,0.607,30.422
1671,101,0.453,23.387
1673,101,0.501,25.395
1675,101,0.554,28.564
1680,101,2.156,42.393
1681,101,3.743,73.575
1682,101,3.556,70.168
1683,101,2.051,52.222
1684,101,19.991,435.912
1685,101,3.64,93.017
1686,101,3.306,83.46
1687,101,2.883,72.52
1688,101,0.811,19.015
1689,101,36.136,178.81
1690,101,33.958,168.965
1692,101,35.37,175.94
1694,101,39.745,201.112
1696,101,36.058,172.955
1698,101,37.129,182.04
1699,101,35.499,176.334
1700,101,42,211.7
1701,101,33.1,162.2
1702,101,36.7,180.4
1703,101,28.9,141.8
1704,101,30.2,149
1705,101,41.163,195.084
1706,101,33.544,157.618
1707,101,35.221,167.311
1708,101,33.314,148.015
1709,101,35.372,169.915
1710,101,36.037,163.344
1711,101,31.799,149.218
1712,101,33.158,160.373
1713,101,33.237,161.359
1715,101,32.024,153.978
1716,101,32.72,159.962
1718,101,39.768,194.826
1720,101,35.004,173.531
1722,101,1248.395,9011.337
1723,101,1012.114,7557.992
1724,101,1194.667,8324.717
1725,101,1210.32,8131.033
1726,101,1314.054,9211.346
1727,101,1481.408,9936.183
1728,101,1390.728,8798.727
1729,101,1603.178,10306.807
1730,101,1286.809,9445.307
1731,101,1322.42,9159.699
1732,101,1295.464,9936.77
1733,101,1551.483,11779.168
1734,101,1384.423,10148.222
1735,101,1406.969,11088.195
1736,101,1296.899,9741.089
1737,101,1381.267,10283.85
1738,101,1370.552,10404.068
1739,101,1324.346,9235.529
1740,101,1361.009,9944.742
1741,101,1210.739,9057.789
1742,101,1540.3,10944.8
1743,101,1219.8,8996.7
1744,101,1248.6,8951.7
1745,101,1023.7,7410.7
1746,101,1072.9,7683
1747,101,0.001,0.005
1749,101,3.203,137.168
1750,101,3.377,143.992
1751,101,3.508,149.548
1753,101,3.743,161.64
1754,101,3.908,170.196
1755,101,3.824,165.582
1756,101,3.843,166.509
1757,101,3.72,161.486
1758,101,3.821,165.161
1759,101,4.144,178.972
1761,101,4.6,194.2
1762,101,4.4,194.5
1763,101,5.2,218.7
1765,101,5.6,247.7
1766,101,0.059,4.678
1768,101,0.071,5.287
1770,101,0.06,4.533
1772,101,0.077,6.069
1774,101,0.072,5.436
1776,101,0.123,8.203
1778,101,0.069,5.22
1780,101,0,5.8
1782,101,0,5.8
1784,101,0,6.4
1786,101,0,7.4
1788,101,0,4.4
1790,101,0.101,7.727
1792,101,0.066,5.182
1794,101,0.067,5.291
1797,101,0.082,6.352
1799,101,0.071,5.571
1801,101,0.061,4.776
1803,101,0.044,3.461
1805,101,0.06,4.64
1807,101,0.059,4.698
1809,101,0.041,3.285
1811,101,0.051,3.943
1813,101,1.997,84.069
1814,101,1.943,85.175
1815,101,1.996,88.639
1816,101,1.936,85.475
1820,101,0.001,0.03
1833,630,22.5,548.3
1834,630,21,514.3
1835,630,21.6,542.7
1836,630,22.4,553.8
1837,630,19.2,486.8
1838,630,0.001,0.05
1839,630,0,0.1
1840,630,7.115,331.748
1841,1273,0.064,2.802
1842,1273,0.044,1.927
1843,1273,0.053,2.311
1844,1273,0.065,2.858
1845,1273,0.054,2.36
1846,1273,0.1,4.034
1847,1273,0.117,3.988
1848,1273,0.118,3.917
1849,1273,0.115,3.866
1850,1273,0.121,4.134
1851,1273,0.071,3.091
1852,1273,0.128,5.675
1853,1002,0.101,4.51
1854,1002,0.106,4.731
1855,1002,0.086,3.835
1856,1002,0.097,4.327
1857,1002,0.078,3.452
1858,1002,0.088,3.904
1859,1002,0.077,3.432
1860,1002,0.089,3.215
1861,1002,0.075,2.712
1862,1002,0.074,2.678
1863,1002,0.077,2.762
1864,1002,0.077,2.781
1865,1002,0.06,2.171
1866,1002,0.089,3.222
1867,1002,0.088,3.161
1868,1002,0.08,2.87
1869,1002,0.103,4.486
1870,1002,0.097,4.282
1871,1002,0.086,3.827
1872,3900,0.089,3.159
1873,3900,0.08,2.737
1874,3900,0.078,2.654
1875,3900,0.076,2.579
1876,3900,0.093,3.179
1877,3900,0.07,2.391
1878,3900,0.053,1.807
1879,3900,0.06,2.039
1880,3900,0.071,2.407
1881,3900,0.053,1.739
1882,3900,0.057,1.944
1883,3900,0.055,1.879
1884,3900,0.052,1.777
1885,882,0.041,1.399
1886,882,0.048,1.634
1897,882,0.6,50.8
1899,882,1,61.4
1901,882,0.8,57
1903,882,1.1,80.8
1905,882,1,64.9
1907,882,0.282,9.791
1908,882,0.239,8.125
1909,882,0.26,8.793
1910,882,0.285,9.935
1911,882,0.234,8.705
1912,882,0.261,9.682
1913,1364,0.252,5.416
1914,1009,0,1.6
1915,1009,1.773,14.495
1916,1009,1.143,10.544
1917,1009,1.135,8.042
1918,1009,0.501,4.705
1919,1009,0.505,4.687
1920,1009,0.413,3.766
1921,1009,0.375,3.46
1922,1009,0.009,0.34
1923,1009,0.006,0.232
1924,1009,0.817,28.516
1925,1009,0.874,30.246
1926,1009,0.931,32.131
1927,1009,0.745,25.779
1928,1009,0.91,31.719
1929,1009,0.844,29.331
1930,1009,0.766,26.773
1931,1009,0.819,28.26
1932,1009,0.923,33.95
1939,1009,0.723,25.308
1941,1009,0.698,24.302
1943,1009,1.021,34.271
1945,1009,0.946,32.74
1948,1009,0.9,30.3
1951,1009,1.3,44.2
1953,1009,1.2,41.6
1971,1009,1.779,84.047
1976,3653,0.123,5.483
1977,3653,0,1.7
1978,3653,0.158,7.046
1979,3653,0.151,6.739
1980,3653,0.003,0.18
1981,3653,0.002,0.135
1982,3653,0.003,0.18
1983,3653,0.005,0.27
1984,1455,0,2.8
1985,1455,0.011,0.489
1986,1013,0,2.6
1987,1013,0.001,0.045
1988,103,56.378,1616.534
1989,103,53.661,1544.198
1990,103,50.439,1452.329
1991,103,0.275,1.536
1992,103,0.347,1.895
1993,103,0.317,1.84
1994,103,0.284,1.674
1995,103,0.35,2.146
1996,3314,36.917,1071.597
1997,3314,38.124,1095.629
1998,3314,34.673,979.96
1999,3314,41.664,1217.186
2000,3314,39.227,1129.96
2001,3314,39.776,1155.434
2002,3314,38.282,1081.832
2003,3314,43.845,1255.163
2004,3314,38.409,1095.019
2005,3314,42.142,1229.946
2006,7,2.608,15.478
2007,7,2.79,14.295
2008,7,2.769,14.642
2009,7,3.47,16.83
2010,7,3.037,15.303
2011,7,2.489,12.942
2012,7,2.841,14.838
2013,7,2.65,13.738
2014,7,2.607,13.529
2015,7,2.605,13.504
2016,7,3.5,18
2017,7,3.8,19.8
2018,7,2.9,14.9
2019,7,3.279,23.581
2020,7,3.91,28.307
2021,7,4.646,33.609
2022,7,4.999,36.243
2023,7,5.271,38.221
2024,105,60.924,435.505
2025,105,159.929,1001.316
2026,105,83.451,572.191
2027,105,213.541,1273.926
2051,105,0.579,30.738
2052,105,0.432,23.359
2053,105,0.466,24.592
2054,105,0.547,28.203
2055,105,0.489,25.678
2056,105,0.048,3.226
2057,105,0.52,27.008
2058,105,0.487,26.366
2059,105,0.53,28.752
2060,105,0.507,27.512
2061,105,0.521,10.656
2065,136,1.93,18.067
2066,136,0.036,0.333
2067,136,0.008,0.029
2068,8,0.717,31.613
2069,8,0.679,33.257
2070,8,0.689,33.737
2071,8,0.73,35.744
2072,8,0.72,35.26
2073,8,0.863,41.311
2074,8,1.123,51.747
2075,8,1.4,62.9
2076,8,1.4,67
2077,8,1.4,63.1
2078,8,1.8,87.6
2079,8,1.3,61.3
2080,8,0.521,22.877
2081,8,0.559,24.611
2082,8,0.602,26.37
2083,8,0.584,25.271
2084,8,0.638,28.041
2085,8,0.448,19.713
2086,8,0.474,20.832
2087,8,0.512,22.528
2088,8,0.573,25.208
2089,8,0.548,24.07
2090,8,0.72,31.751
2091,8,0.703,30.997
2092,8,0.651,28.697
2093,8,0.643,25.855
2094,8,0.003,0.174
2095,5889,0.227,1.462
2096,5889,1.444,9.474
2097,5889,1.403,9.353
2098,5889,1.471,9.799
2099,5889,1.484,9.932
2100,5889,1.367,9.115
2101,5889,1.366,9.077
2102,5889,1.366,9.15
2103,5889,1.211,8.049
2104,5889,0.001,0.004
2105,5889,0.023,1.806
2106,5889,0.014,1.099
2107,5889,0.016,1.256
2108,5889,0.104,2.028
2109,5889,0.083,1.619
2110,250,1.364,9.127
2111,250,0.001,0.04
2112,114,8.935,60.638
2113,114,0.215,2.178
2116,4949,46.303,293.516
2117,225,0.6,37.5
2118,225,0.6,34.1
2119,225,0.7,39.3
2120,225,0.6,35.4
2121,225,0.6,31.2
2122,2323,0,0.3
2123,2323,0,0.1
2124,2323,0,0.3
2125,2323,0,0.2
2126,1555,5.207,102.488
2127,1555,6.34,126.164
2128,1555,4.796,101.352
2129,1555,4.723,104.577
2130,1555,16.841,359.261
2131,1555,15.696,345.659
2132,1555,16.381,363.803
2133,1555,14.427,320.247
2134,1555,14.975,332.563
2135,1555,5.901,150.797
2136,1555,4.316,110.264
2137,139,0.625,16.03
2138,139,1.885,47.139
2139,158,1.819,47.647
2140,141,2.074,40.524
2141,141,0.828,17.516
2142,141,1.055,21.263
2143,8376,0.408,8.315
2144,8376,0.001,0
2145,8376,0.001,0.009
2146,1034,0.001,0.029
2147,3475,0.014,0.13
2148,3475,0.014,0.132
2149,3475,0.012,0.094
2150,5010,0.024,0.228
2151,3332,0.003,0.007
2152,3332,0.003,0.009
2153,1031,2.749,68.447
2154,1031,2.661,68.1
2155,1031,2.187,60.699
2156,1031,1.985,55.581
2157,1031,2.071,58.395
2158,1031,2.125,56.771
2159,1031,2.205,58.391
2160,1031,1.958,56.513
2161,1031,1.993,57.674
2162,1031,2.08,60.557
2163,1031,2.8,83.9
2164,1031,2.5,71.2
2165,1031,2,140.4
2166,1031,1.8,140.2
2177,1031,2.504,115.276
2178,1031,2.384,105.113
2179,1031,2.411,105.059
2180,1031,2.547,110.452
2181,1031,2.441,108.599
2182,1031,2.734,125.736
2183,1031,2.584,117.425
2184,1031,2.87,130.445
2185,1031,2.968,134.07
2186,1300,2.236,68.076
2187,1300,2.366,74.251
2188,1300,2.401,73.252
2189,1300,2.251,68.319
2190,1300,2.213,67.747
2191,1300,2.307,71.515
2192,1300,2.295,70.884
2193,1300,2.485,76.581
2194,1300,2.559,78.026
2195,1300,2.6,78.1
2196,2445,3.1,96.3
2197,2445,2.3,161.6
2198,2445,1.913,81.857
2199,32,0.012,1.108
2200,32,0.001,0.034
2201,32,0.043,3.741
2202,32,0.043,3.7
2203,32,0.024,2.079
2204,32,0.046,4.002
2205,32,0.032,2.784
2206,32,0.025,2.157
2207,32,0.033,2.871
2208,32,0.037,3.219
2209,32,3.447,141.344
2210,32,2.814,119.707
2211,32,3.099,130.492
2212,32,0.728,36.848
2213,32,0.653,33.078
2214,32,0.783,39.717
2215,32,0.805,40.679
2216,32,0.8,40.456
2217,32,0.806,41.075
2218,32,0.95,47.199
2219,32,0.7,38.5
2220,32,0.818,40.948
2221,32,0.848,42.408
2222,32,0.82,41.844
2223,32,0.724,36.552
2224,32,0.815,40.843
2225,32,0.654,33.35
2226,32,0.692,35.058
2227,32,0.747,37.598
2228,32,0.821,41.244
2229,32,0.817,41.209
2230,32,0.723,36.197
2231,32,0.789,39.377
2232,32,0.773,38.733
2233,32,0.02,2.04
2234,32,0.02,2.03
2235,32,0.03,2.932
2236,32,0.031,2.914
2237,32,0.031,2.914
2238,32,0.022,2.519
2239,32,0.03,2.55
2240,32,0.032,2.72
2245,391,0.013,1.156
2246,391,0.007,0.521
2247,391,0.013,0.903
2248,75,0.003,0.294
2249,75,0.003,0.294
2250,75,0,3.9
2251,131,0.014,1.087
2252,131,0.017,1.195
2253,131,0.007,0.555
2254,131,0,0.1
2255,131,0.03,2.575
2256,16,0.018,1.176
2257,223,0.018,0.848
2258,223,0.019,1.077
2259,6086,0.011,0.423
2260,3387,0.001,0.098
2261,3733,0.001,0.118
2262,3733,0,3.5
2263,2409,0,0.1
2264,9020,0.003,0.018
2266,9020,0.001,0.006
2268,5670,0.001,0.025
2269,5578,0.001,0.02
2270,5578,0.014,0.756
2271,5578,0.01,0.54
2272,5578,0,0.1
2273,1017,0.003,0.102
2274,1017,0.002,0.068
2275,1017,0.16,9.153
2276,1017,0.159,8.579
2277,1017,0.173,9.608
2278,1017,0.168,9.224
2279,1017,0.123,7.126
2280,1017,0.14,7.897
2281,1017,0.138,7.926
2282,1017,0.143,7.987
2283,3700,0.001,0.034
2284,3700,0.001,0.034
2285,3700,0.001,0.034
2286,3602,0.008,0.467
2287,3602,0.009,0.354
2288,3602,0.013,0.374
2289,3602,0.009,0.248
2290,851,0.007,0.313
2291,227,0.008,0.327
2292,1603,0.01,0.68
2293,1603,0.015,1.02
2294,1603,0.003,0.204
2295,1603,0.004,0.272
2296,1603,0.009,0.612
2297,1603,0.004,0.272
2298,1603,0.003,0.204
2299,1323,0.002,0.18
2300,1323,0.004,0.18
2301,1323,0.001,0.09
2302,1323,0.001,0.09
2303,1414,0.001,0.035
2304,4585,0.001,0.09
2305,4585,0.001,0.09
2306,4585,0.002,0.09
2307,2003,0.003,0.206
2308,3701,0.011,2.025
2309,3701,0.013,2.39
2310,3701,0.011,2.011
2311,3701,0.026,4.808
2312,3701,0.016,2.948
2313,3701,0.016,2.955
2314,3701,0.016,2.92
2315,3701,0.008,1.474
2316,3701,0.014,2.597
2317,3701,0.02,3.657
2318,3701,0.012,2.195
2319,3701,0.01,1.695
2320,3701,0.01,1.742
2321,3701,0.016,2.784
2322,3701,0.012,2.159
2323,3701,0.011,2.032
2324,3701,0.019,3.485
2325,3701,0.01,1.809
2326,3701,0.008,1.467
2327,3701,0.017,3.076
2328,3701,0.001,0.05
2329,3701,0.001,0.05
2330,3701,0.002,0.1
2331,3701,0.001,0.05
2332,3701,0.001,0.04
2348,9789,0.001,0.236
2350,9789,0.001,0.236
2371,5007,2.112,141.33
2372,5007,2.079,142.621
2373,5007,1.956,132.231
2374,5007,2.052,136.715
2375,5007,2.086,138.496
2376,5007,6.581,385.927
2380,5150,1.912,130.953
2381,5150,0.029,1.428
2382,5150,0.021,1.062
2383,5150,0.014,0.694
2384,5150,0.004,0.199
2385,5150,0.011,0.503
2386,5150,0.01,0.457
2387,5150,0.007,0.303
2388,5150,0.006,0.247
2389,5150,0.008,0.408
2390,5150,0.019,0.958
2391,5150,0.01,0.461
2392,5150,0.007,0.348
2393,5150,0.008,0.397
2394,5150,0.01,0.488
2395,5150,0.01,0.491
2396,5150,0.001,0.016
2397,5150,0.007,0.147
2398,5150,0.002,0.101
2399,5150,0.001,0.023
2400,5150,3.788,224.29
2401,5150,2.835,165.323
2402,5150,5.305,303.159
2403,5150,3.4,196.518
2405,5150,2.121,122.718
2407,5150,1.629,94.211
2408,5150,0.001,0.086
2409,5150,0.001,0.086
2410,5150,2.447,144.347
2411,5150,1.815,105.314
2412,5150,2.912,171.759
2413,5150,2.007,119.072
2415,5150,4.554,257.884
2417,5150,3.341,188.955
2418,5150,9.472,563.357
2419,5150,5.582,321.993
2421,5150,9.548,545.679
2423,5150,6.665,376.717
2424,5150,0.001,0.09
2425,5150,2.772,162.865
2426,5150,1.969,114.889
2429,5150,1.715,81.186
2430,5150,1.311,62.511
2431,5150,4.208,242.298
2432,5150,3.37,195.174
2434,5150,0.002,0.081
2436,5150,0.003,0.12
2437,5150,0.018,0.572
2438,5150,2.761,163.003
2439,5150,2.132,126.448
2441,5150,2.583,149.372
2443,5150,1.844,105.702
2444,146,0.003,0.067
2453,5287,0.002,0.09
2454,858,0,0.1
2464,511,2.033,139.38
2465,511,1.956,132.222
2466,511,2.096,143.799
2467,511,1.945,133.865
2468,511,1.805,123.968
2469,511,1.794,125.623
2470,511,2.03,140.744
2471,511,2.051,142.411
2472,511,1.835,126.986
2473,511,1.899,132.387
2474,511,1.882,130.764
2475,511,1.797,125.748
2476,511,1.691,121.456
2477,511,0.551,19.921
2478,511,0.546,22.444
2479,511,0.456,20.985
2480,4100,3.2,218.4
2481,83,0.048,3.44
2482,83,0.049,3.59
2483,834,0.06,4.353
2484,4893,0.048,4.032
2485,4893,0.053,4.476
2486,4893,0.044,3.772
2487,4893,0.034,2.949
2488,4893,0.055,4.758
2489,4893,0.037,3.183
2490,4893,0.037,3.21
2491,4893,0.033,2.862
2492,239,0,3.4
2493,46,0,2.7
2494,1217,0,4.3
2495,1220,0.001,0.01
2496,1220,0.001,0.01
2499,3654,0.949,36.871
2500,3654,0.833,31.917
2501,3654,0.917,35.166
2502,3654,0.721,27.663
2503,3654,0.816,31.362
2504,3654,0.757,28.949
2505,3654,0.621,23.722
2506,3654,0.9,33.4
2507,3654,0.8,32.9
2524,4138,0,0.3
2525,4138,0.004,0.08
2526,4138,0.005,0.1
2527,4138,0.02,0.385
2528,4138,0.022,0.485
2529,4138,0.021,0.516
2530,4138,0.013,0.315
2531,4138,0.037,0.755
2532,4138,0.022,0.282
2533,4138,0.005,0.123
2534,4138,0.009,0.207
2535,4138,0.002,0.05
2536,4138,0.002,0.049
2537,4138,0.005,0.101
2538,4138,0.013,0.065
2539,4138,0.033,0.165
2540,4138,0.019,0.456
2541,4138,0.011,0.36
2542,4138,0.009,0.265
2543,4138,0.005,0.191
2544,4138,0.008,0.25
2545,4138,0.015,0.571
2546,4138,0.005,0.121
2548,4138,0.006,0.227
2549,4138,0.013,0.583
2575,4138,0.008,0.256
2579,4138,0,0.1
2580,121,6.8,300.9
2581,512,0.231,11.516
2582,512,0.218,10.878
2583,512,0.284,11.876
2584,512,0.246,12.207
2585,512,0.258,12.866
2586,512,0.184,9.162
2587,512,0.187,9.332
2588,512,0.238,11.877
2589,512,0.185,9.227
2590,512,0.217,10.823
2591,512,0.215,10.729
2592,512,0.199,9.93
2593,512,0.224,11.142
2595,5140,0.225,9.181
2619,1001,0.673,39.12
2620,1001,0.64,37.848
2621,1001,0.628,37.862
2622,1001,0.622,38.819
2623,1001,0.69,42.104
2624,1001,0.804,49.706
2625,1001,0.886,51.864
2626,1001,0.772,44.752
2627,1001,0.751,45.686
2628,1001,0.809,48.891
2629,1001,0.686,42.543
2630,1001,0.759,47.461
2631,1001,0.767,48.128
2632,1001,0.814,51.111
2633,1001,0.781,49.339
2634,1001,0.803,49.926
2635,1001,0.877,54.758
2636,1001,0.799,50.002
2637,1001,0.911,57.501
2638,1001,0.843,51.948
2639,1001,0.9,45.6
2640,1001,0.6,30
2641,1001,0.7,34.3
2642,1001,0.5,21.8
2668,104,0.001,0.032
2669,3804,0,0.6
2670,462,0.022,0.438
2671,5070,0.002,0.023
2672,5070,0.011,0.123
2673,5070,0.017,0.181
2674,5070,0.004,0.043
2675,5070,0.011,0.086
2676,5070,0.022,0.105
2677,5070,0.053,0.251
2678,5070,0.174,0.79
2679,5070,0,3.1
2688,4318,0.027,0.558
2689,4318,0.035,0.574
2690,3680,0.024,0.572
2691,3680,0.005,0.106
2692,2845,0,0.1
2693,2045,0.002,0.04
2694,4017,0.006,0.198
2695,4017,0.001,0.033
2696,5000,0.002,0.061
2697,222,0.511,21.075
2698,222,9.281,437.45
2699,1006,1.981,82.481
2700,132,2.448,106.891
2701,132,2.631,115.199
2702,132,2.6,113.996
2703,132,2.517,109.527
2704,7680,2.7,129.6
2705,7680,3.1,150.1
2706,7680,4.3,200.2
2707,7680,3.8,174.4
2708,7680,2.831,98.703
2709,7680,2.61,93.737
2710,7680,2.65,100.731
2711,7680,2.411,90.549
2712,7680,2.488,97.051
2713,7680,2.497,94.179
2714,7680,2.485,91.371
2715,7680,2.292,91.235
2716,7680,2.327,91.473
2717,7680,2.39,102.445
2718,7680,3.3,148.9
2719,7680,3.2,155.5
2720,7680,4.3,202.5
2721,7680,5.1,239.7
2722,7680,3.7,183.8
2731,1119,0.004,0.182
2741,1119,0,0.8
2742,4122,0.02,0.908
2743,4122,0.025,1.097
2744,4122,0.016,0.787
2745,4122,0.032,1.468
2746,4122,0.026,1.256
2747,4122,0.024,1.059
2748,3710,0.055,2.626
2749,3710,0.043,1.853
2750,7321,0,4.2
2751,7321,0,1.2
2752,7321,0,2.1
2753,7321,0,1.5
2798,6557,0.011,1.142
2799,7889,0.061,5.874
2800,7889,0.039,3.778
2801,7889,0.047,4.069
2802,7889,0.039,3.389
2803,7889,0.037,3.293
2804,7889,0.042,4.088
2805,7889,0.049,4.165
2806,7889,0.047,4.143
2807,7889,0.046,3.91
2808,7889,0.065,5.599
2809,5380,0,4
2810,5380,0,2.5
2811,5380,0,2.2
2812,5380,0,1.4
2813,7079,0.025,2.452
2814,7079,0.017,1.683
2815,7079,0.041,4.065
2816,7079,0.027,2.673
2817,7079,0.03,2.968
2818,7079,0.034,3.387
2819,7079,0.028,2.784
2820,7079,0.036,3.562
2821,7079,0.03,2.975
2822,7079,0.028,2.779
2823,7079,0.035,3.467
2825,7079,0.036,3.571
2826,7079,0.029,2.876
2828,7079,0.024,2.378
2830,7079,0.045,4.452
2831,7079,0.047,4.658
2833,7079,0.041,4.055
2835,7079,0.049,4.864
2836,7079,0.042,4.144
2838,7079,0.045,4.443
2853,7236,0,3.6
2854,7236,0,3.9
2855,7236,0,5.2
2856,7236,0.1,9
2857,7236,0,6.1
2862,2534,0.012,0.776
2863,2534,0.015,0.97
2864,2534,0.013,0.84
2865,2534,0.019,1.228
2866,2534,0.012,0.776
2867,2534,0.004,0.258
2868,2534,0.008,0.518
2869,2534,0.001,0.065
2870,2534,0.004,0.259
2871,2534,0.008,0.516
2872,2534,0.004,0.259
2873,2534,0.005,0.323
2874,2534,0.003,0.194
2875,2534,0.002,0.13
2876,2534,0.001,0.065
2877,2534,0.001,0.065
2878,2534,0.003,0.194
2879,2534,0.001,0.065
2880,2534,0.002,0.13
2881,2534,0.004,0.259
2882,2534,0.001,0.065
2883,2534,0.001,0.065
2884,2534,0.004,0.258
2885,2534,0.004,0.259
2886,2534,0.001,0.065
2887,2534,0.001,0.065
2888,2534,0.002,0.129
2889,2534,0.004,0.258
2890,2534,0.001,0.065
2891,2534,0.015,0.97
2892,2534,0.001,0.065
2893,2534,0.004,0.259
2894,2534,0.015,0.97
2895,2534,0.001,0.065
2896,2534,0.014,0.905
2897,2534,0.001,0.065
2898,2534,0.009,0.583
2899,2534,0.009,0.581
2900,2534,0.008,0.518
2901,2534,0.001,0.065
2902,2534,0.019,1.228
2903,2534,0.004,0.259
2904,2534,0.01,0.646
2905,2534,0.013,0.841
2906,2534,0.005,0.323
2907,2534,0.009,0.581
2908,2534,0.004,0.259
2909,2534,0.01,0.647
2910,2534,0.004,0.258
2911,501E,0.026,1.68
2912,501E,0.03,1.939
2930,7240,0.053,2.719
2932,7240,0.179,9.186
2934,7240,0.153,7.851
2936,7240,0.092,4.068
2938,7240,0.057,2.533
2940,7240,0.09,4.617
2942,7240,0.055,2.822
2943,4000,0.066,3.387
2944,8186,0.001,0.017
2947,8186,0.003,0.051
2949,8186,0.003,0.14
2951,8186,0.007,0.319
2958,1138,0.019,1.391
2959,1138,0.016,1.173
2960,1138,0.015,1.1
2961,1138,0.01,0.732
2962,1138,0.018,1.32
2963,1138,0.015,1.099
2964,6727,0.002,0.14
2965,6727,0.014,1.106
2966,6727,0.011,0.839
2967,6727,0.017,1.343
2968,6727,0.013,1.027
2969,6727,0.016,1.255
2970,6727,0.004,0.316
2971,6727,0.014,1.106
2972,6727,0.017,1.343
2973,6727,0.01,0.776
2974,6727,0.009,0.691
2975,6727,0.002,0.149
2976,6727,0.006,0.474
2977,6727,0.011,0.869
2978,6727,0.015,1.185
2979,6727,0.016,1.264
2980,2750,0.002,0.158
2981,2750,0.003,0.237
2982,2750,0.001,0.079
2983,5403,3.191,150.027
2984,453,2.431,113.136
2985,453,3.735,176.167
2986,453,2.812,131.979
2987,453,2.088,99.72
2988,453,2.327,110.564
2989,8870,0.01,1.08
2990,8870,0.008,0.864
2991,8870,0.003,0.299
2992,8870,0.002,0.2
2993,8870,0.018,1.944
2994,8870,0.006,0.648
2995,8870,0.022,2.508
2996,8870,0.016,1.824
2997,8671,0.004,0.068
2998,4139,2.918,140.138
2999,7892,0.199,4.796
3000,7440,0.005,0.671
3001,7440,0.002,0.268
3002,1723,0.018,1.92
3003,3172,0.018,1.788
3004,7153,0.029,0.948
3005,n,6287.673,149060.56
3006,n,6517.594,145151.328
3007,n,6861.145,163224.696
3008,n,5540.371,123464.891
3009,n,6464.939,153693.747
3010,n,5991.76,133244.07
3011,n,6712.374,159400.049
3012,n,5596.935,123682.186
3013,n,6767.349,161593.124
3014,n,6089.672,131794.249
3015,n,6538.437,155963.371
3016,n,5984.135,134571.77
3017,n,6522.156,154501.344
3018,n,5824.001,131031.939
3019,n,6681.458,157614.097
3020,n,5492.319,121323.378
3021,n,6646.928,156246.217
3022,n,6246.463,138480.903
3023,n,3708.5,77158.7
3024,n,5785.62,129533.515
3025,n,3688.8,78695.1
3026,n,3416.6,72141.4
3027,n,4026.3,84268.1
3028,n,3431.9,72948.2
3029,n,3647.2,78148.1
3030,n,3354.6,71631.1
3031,n,3685.6,80622.5
3032,n,6420.926,146869.839
3033,n,6512.716,155407.201
3034,n,6683.149,159916.577
3035,n,6499.061,154414.811
3036,n,6556.114,156397.254
3037,n,6588.855,156334.261
3038,n,6242.975,149264.852
3039,n,6482.057,155114.882
3040,n,6277.672,149066.048
3041,n,6060.76,145923.119
3042,n,6822.604,161164.775
3043,n,6029.436,143895.948
3044,n,3593.119,76008.716
3045,n,6459.041,149958.088
3046,n,5639.863,132909.706
3047,n,6700.877,156688.871
3048,n,5817.511,136223.805
3049,n,6106.579,143837.893
3050,n,5778.913,134846.261
3051,n,6577.728,151132.482
3052,n,6254.583,146817.892
3053,n,6214.426,144622.964
3054,n,6499.75,150357.275
3055,n,6313.192,148572.539
3056,n,6966.98,163143.198
3057,n,6694.136,158100.143
3058,n,873.51,10209.754
3059,n,751.058,7500.853
3060,n,993.42,11536.837
3061,n,803.915,7987.824
3062,n,888.893,10001.202
3063,n,818.678,8089.054
3064,n,876.234,10021.536
3065,n,967.387,10986.105
3066,n,789.243,8145.011
3067,n,784.484,9141.139
3068,n,785.004,8221.087
3069,n,903.903,10542.22
3070,n,769.35,7977.671
3071,n,959.985,11130.619
3072,n,761.945,7850.066
3073,n,1145.324,11490.151
3074,n,1007.335,10365.302
3075,n,1516.326,16026.279
3076,n,3211.268,34295.452
3077,n,1968.715,20771.048
3078,n,1792.228,18821.614
3079,n,1216.125,12994.076
3080,n,1169.318,12615.803
3081,n,939.763,10298.984
3082,n,1107.802,12366.513
3083,n,1005.809,11181.57
3084,n,1126.226,12575.354
3085,n,937.835,10550.777
3086,n,1040.992,11664.614
3087,n,1008.112,11378.766
3088,n,978.145,11007.541
3089,n,987.365,11054.081
3090,n,1233.296,12254.35
3091,n,1380.551,14420.301
3092,n,866.851,9808.25
3093,n,946.645,10711.393
3094,n,806.144,8797.02
3095,n,1037.74,11064.943
3096,n,856.916,9855.197
3097,n,841.966,9780.942
3098,n,792.34,9082.777
3099,n,1111.167,12832.301
3100,n,1019.675,11749.393
3101,n,983.388,11368.295
3102,n,833.398,9692.05
3103,n,1007.834,11489.02
3104,n,1001.63,11500.532
3105,n,1174.004,12759.458
3106,n,906.188,10112.302
3107,n,1217.29,13387.819
3108,n,986.878,11202.89
3109,n,775.333,9011.889
3110,n,925.672,10522.659
3111,n,663.946,7773.495
3112,n,711.23,8351.544
3113,N IT,7120.706,164237.747
3114,N IT,10293.418,228812.644
3115,N IT,7562.639,169478.638
3116,N IT,8393.331,188291.737
3117,N IT,7098.625,159712.994
3118,N IT,7648.786,172707.765
3119,N IT,7279.397,170620.503
3120,N IT,7282.728,172691.214
3121,N IT,7137.714,166220.147
3122,N IT,8156.074,195301.234
3123,N IT,8472.27,208135.466
3124,N IT,7738.009,189648.322
3125,N IT,629.982,6284.414
